0422110,"Rice, Milled",DM,"Benin",1960,2006,07,004,"Area Harvested",04,"(1000 HA)",2.0000
0422110,"Rice, Milled",DM,"Benin",1960,2006,07,020,"Beginning Stocks",08,"(1000 MT)",0.0000
0422110,"Rice, Milled",DM,"Benin",1960,2006,07,125,"Domestic Consumption",08,"(1000 MT)",7.0000
0422110,"Rice, Milled",DM,"Benin",1960,2006,07,176,"Ending Stocks",08,"(1000 MT)",0.0000
0422110,"Rice, Milled",DM,"Benin",1960,2006,07,088,"Exports",08,"(1000 MT)",0.0000
0422110,"Rice, Milled",DM,"Benin",1960,2006,07,057,"Imports",08,"(1000 MT)",6.0000
0422110,"Rice, Milled",DM,"Benin",1960,2006,07,182,"Milling Rate (.9999)",08,"(1000 MT)",6400.0000
0422110,"Rice, Milled",DM,"Benin",1960,2006,07,028,"Production",08,"(1000 MT)",1.0000
0422110,"Rice, Milled",DM,"Benin",1960,2006,07,054,"Rough Production",08,"(1000 MT)",2.0000
0422110,"Rice, Milled",DM,"Benin",1960,2006,07,178,"Total Distribution",08,"(1000 MT)",7.0000
0422110,"Rice, Milled",DM,"Benin",1960,2006,07,086,"Total Supply",08,"(1000 MT)",7.0000
0422110,"Rice, Milled",DM,"Benin",1960,2006,07,113,"TY Exports",08,"(1000 MT)",0.0000
0422110,"Rice, Milled",DM,"Benin",1960,2006,07,084,"TY Imp. from U.S.",08,"(1000 MT)",0.0000
0422110,"Rice, Milled",DM,"Benin",1960,2006,07,081,"TY Imports",08,"(1000 MT)",3.0000
0422110,"Rice, Milled",DM,"Benin",1960,2006,07,184,"Yield",26,"(MT/HA)",1.0000
0422110,"Rice, Milled",DM,"Benin",1961,2006,07,004,"Area Harvested",04,"(1000 HA)",2.0000
0422110,"Rice, Milled",DM,"Benin",1961,2006,07,020,"Beginning Stocks",08,"(1000 MT)",0.0000
0422110,"Rice, Milled",DM,"Benin",1961,2006,07,125,"Domestic Consumption",08,"(1000 MT)",4.0000
0422110,"Rice, Milled",DM,"Benin",1961,2006,07,176,"Ending Stocks",08,"(1000 MT)",0.0000
0422110,"Rice, Milled",DM,"Benin",1961,2006,07,088,"Exports",08,"(1000 MT)",0.0000
0422110,"Rice, Milled",DM,"Benin",1961,2006,07,057,"Imports",08,"(1000 MT)",3.0000
0422110,"Rice, Milled",DM,"Benin",1961,2006,07,182,"Milling Rate (.9999)",08,"(1000 MT)",6400.0000
0422110,"Rice, Milled",DM,"Benin",1961,2006,07,028,"Production",08,"(1000 MT)",1.0000
0422110,"Rice, Milled",DM,"Benin",1961,2006,07,054,"Rough Production",08,"(1000 MT)",2.0000
0422110,"Rice, Milled",DM,"Benin",1961,2006,07,178,"Total Distribution",08,"(1000 MT)",4.0000
0422110,"Rice, Milled",DM,"Benin",1961,2006,07,086,"Total Supply",08,"(1000 MT)",4.0000
0422110,"Rice, Milled",DM,"Benin",1961,2006,07,113,"TY Exports",08,"(1000 MT)",0.0000
0422110,"Rice, Milled",DM,"Benin",1961,2006,07,084,"TY Imp. from U.S.",08,"(1000 MT)",0.0000
0422110,"Rice, Milled",DM,"Benin",1961,2006,07,081,"TY Imports",08,"(1000 MT)",4.0000
0422110,"Rice, Milled",DM,"Benin",1961,2006,07,184,"Yield",26,"(MT/HA)",1.0000
0422110,"Rice, Milled",DM,"Benin",1962,2006,07,004,"Area Harvested",04,"(1000 HA)",2.0000
0422110,"Rice, Milled",DM,"Benin",1962,2006,07,020,"Beginning Stocks",08,"(1000 MT)",0.0000
0422110,"Rice, Milled",DM,"Benin",1962,2006,07,125,"Domestic Consumption",08,"(1000 MT)",5.0000
0422110,"Rice, Milled",DM,"Benin",1962,2006,07,176,"Ending Stocks",08,"(1000 MT)",0.0000
0422110,"Rice, Milled",DM,"Benin",1962,2006,07,088,"Exports",08,"(1000 MT)",0.0000
0422110,"Rice, Milled",DM,"Benin",1962,2006,07,057,"Imports",08,"(1000 MT)",4.0000
0422110,"Rice, Milled",DM,"Benin",1962,2006,07,182,"Milling Rate (.9999)",08,"(1000 MT)",6400.0000
0422110,"Rice, Milled",DM,"Benin",1962,2006,07,028,"Production",08,"(1000 MT)",1.0000
0422110,"Rice, Milled",DM,"Benin",1962,2006,07,054,"Rough Production",08,"(1000 MT)",2.0000
0422110,"Rice, Milled",DM,"Benin",1962,2006,07,178,"Total Distribution",08,"(1000 MT)",5.0000
0422110,"Rice, Milled",DM,"Benin",1962,2006,07,086,"Total Supply",08,"(1000 MT)",5.0000
0422110,"Rice, Milled",DM,"Benin",1962,2006,07,113,"TY Exports",08,"(1000 MT)",0.0000
0422110,"Rice, Milled",DM,"Benin",1962,2006,07,084,"TY Imp. from U.S.",08,"(1000 MT)",0.0000
0422110,"Rice, Milled",DM,"Benin",1962,2006,07,081,"TY Imports",08,"(1000 MT)",4.0000
0422110,"Rice, Milled",DM,"Benin",1962,2006,07,184,"Yield",26,"(MT/HA)",1.0000
0422110,"Rice, Milled",DM,"Benin",1963,2006,07,004,"Area Harvested",04,"(1000 HA)",2.0000
0422110,"Rice, Milled",DM,"Benin",1963,2006,07,020,"Beginning Stocks",08,"(1000 MT)",0.0000
0422110,"Rice, Milled",DM,"Benin",1963,2006,07,125,"Domestic Consumption",08,"(1000 MT)",5.0000
0422110,"Rice, Milled",DM,"Benin",1963,2006,07,176,"Ending Stocks",08,"(1000 MT)",0.0000
0422110,"Rice, Milled",DM,"Benin",1963,2006,07,088,"Exports",08,"(1000 MT)",0.0000
0422110,"Rice, Milled",DM,"Benin",1963,2006,07,057,"Imports",08,"(1000 MT)",4.0000
0422110,"Rice, Milled",DM,"Benin",1963,2006,07,182,"Milling Rate (.9999)",08,"(1000 MT)",6400.0000
0422110,"Rice, Milled",DM,"Benin",1963,2006,07,028,"Production",08,"(1000 MT)",1.0000
0422110,"Rice, Milled",DM,"Benin",1963,2006,07,054,"Rough Production",08,"(1000 MT)",2.0000
0422110,"Rice, Milled",DM,"Benin",1963,2006,07,178,"Total Distribution",08,"(1000 MT)",5.0000
0422110,"Rice, Milled",DM,"Benin",1963,2006,07,086,"Total Supply",08,"(1000 MT)",5.0000
0422110,"Rice, Milled",DM,"Benin",1963,2006,07,113,"TY Exports",08,"(1000 MT)",0.0000
0422110,"Rice, Milled",DM,"Benin",1963,2006,07,084,"TY Imp. from U.S.",08,"(1000 MT)",0.0000
0422110,"Rice, Milled",DM,"Benin",1963,2006,07,081,"TY Imports",08,"(1000 MT)",5.0000
0422110,"Rice, Milled",DM,"Benin",1963,2006,07,184,"Yield",26,"(MT/HA)",1.0000
0422110,"Rice, Milled",DM,"Benin",1964,2006,07,004,"Area Harvested",04,"(1000 HA)",2.0000
0422110,"Rice, Milled",DM,"Benin",1964,2006,07,020,"Beginning Stocks",08,"(1000 MT)",0.0000
0422110,"Rice, Milled",DM,"Benin",1964,2006,07,125,"Domestic Consumption",08,"(1000 MT)",6.0000
0422110,"Rice, Milled",DM,"Benin",1964,2006,07,176,"Ending Stocks",08,"(1000 MT)",0.0000
0422110,"Rice, Milled",DM,"Benin",1964,2006,07,088,"Exports",08,"(1000 MT)",0.0000
0422110,"Rice, Milled",DM,"Benin",1964,2006,07,057,"Imports",08,"(1000 MT)",5.0000
0422110,"Rice, Milled",DM,"Benin",1964,2006,07,182,"Milling Rate (.9999)",08,"(1000 MT)",6400.0000
0422110,"Rice, Milled",DM,"Benin",1964,2006,07,028,"Production",08,"(1000 MT)",1.0000
0422110,"Rice, Milled",DM,"Benin",1964,2006,07,054,"Rough Production",08,"(1000 MT)",2.0000
0422110,"Rice, Milled",DM,"Benin",1964,2006,07,178,"Total Distribution",08,"(1000 MT)",6.0000
0422110,"Rice, Milled",DM,"Benin",1964,2006,07,086,"Total Supply",08,"(1000 MT)",6.0000
0422110,"Rice, Milled",DM,"Benin",1964,2006,07,113,"TY Exports",08,"(1000 MT)",0.0000
0422110,"Rice, Milled",DM,"Benin",1964,2006,07,084,"TY Imp. from U.S.",08,"(1000 MT)",0.0000
0422110,"Rice, Milled",DM,"Benin",1964,2006,07,081,"TY Imports",08,"(1000 MT)",7.0000
0422110,"Rice, Milled",DM,"Benin",1964,2006,07,184,"Yield",26,"(MT/HA)",1.0000
0422110,"Rice, Milled",DM,"Benin",1965,2006,07,004,"Area Harvested",04,"(1000 HA)",2.0000
0422110,"Rice, Milled",DM,"Benin",1965,2006,07,020,"Beginning Stocks",08,"(1000 MT)",0.0000
0422110,"Rice, Milled",DM,"Benin",1965,2006,07,125,"Domestic Consumption",08,"(1000 MT)",8.0000
0422110,"Rice, Milled",DM,"Benin",1965,2006,07,176,"Ending Stocks",08,"(1000 MT)",0.0000
0422110,"Rice, Milled",DM,"Benin",1965,2006,07,088,"Exports",08,"(1000 MT)",0.0000
0422110,"Rice, Milled",DM,"Benin",1965,2006,07,057,"Imports",08,"(1000 MT)",7.0000
0422110,"Rice, Milled",DM,"Benin",1965,2006,07,182,"Milling Rate (.9999)",08,"(1000 MT)",6400.0000
0422110,"Rice, Milled",DM,"Benin",1965,2006,07,028,"Production",08,"(1000 MT)",1.0000
0422110,"Rice, Milled",DM,"Benin",1965,2006,07,054,"Rough Production",08,"(1000 MT)",2.0000
0422110,"Rice, Milled",DM,"Benin",1965,2006,07,178,"Total Distribution",08,"(1000 MT)",8.0000
0422110,"Rice, Milled",DM,"Benin",1965,2006,07,086,"Total Supply",08,"(1000 MT)",8.0000
0422110,"Rice, Milled",DM,"Benin",1965,2006,07,113,"TY Exports",08,"(1000 MT)",0.0000
0422110,"Rice, Milled",DM,"Benin",1965,2006,07,084,"TY Imp. from U.S.",08,"(1000 MT)",0.0000
0422110,"Rice, Milled",DM,"Benin",1965,2006,07,081,"TY Imports",08,"(1000 MT)",6.0000
0422110,"Rice, Milled",DM,"Benin",1965,2006,07,184,"Yield",26,"(MT/HA)",1.0000
0422110,"Rice, Milled",DM,"Benin",1966,2006,07,004,"Area Harvested",04,"(1000 HA)",3.0000
0422110,"Rice, Milled",DM,"Benin",1966,2006,07,020,"Beginning Stocks",08,"(1000 MT)",0.0000
0422110,"Rice, Milled",DM,"Benin",1966,2006,07,125,"Domestic Consumption",08,"(1000 MT)",7.0000
0422110,"Rice, Milled",DM,"Benin",1966,2006,07,176,"Ending Stocks",08,"(1000 MT)",0.0000
0422110,"Rice, Milled",DM,"Benin",1966,2006,07,088,"Exports",08,"(1000 MT)",0.0000
0422110,"Rice, Milled",DM,"Benin",1966,2006,07,057,"Imports",08,"(1000 MT)",6.0000
0422110,"Rice, Milled",DM,"Benin",1966,2006,07,182,"Milling Rate (.9999)",08,"(1000 MT)",6400.0000
0422110,"Rice, Milled",DM,"Benin",1966,2006,07,028,"Production",08,"(1000 MT)",1.0000
0422110,"Rice, Milled",DM,"Benin",1966,2006,07,054,"Rough Production",08,"(1000 MT)",2.0000
0422110,"Rice, Milled",DM,"Benin",1966,2006,07,178,"Total Distribution",08,"(1000 MT)",7.0000
0422110,"Rice, Milled",DM,"Benin",1966,2006,07,086,"Total Supply",08,"(1000 MT)",7.0000
0422110,"Rice, Milled",DM,"Benin",1966,2006,07,113,"TY Exports",08,"(1000 MT)",0.0000
0422110,"Rice, Milled",DM,"Benin",1966,2006,07,084,"TY Imp. from U.S.",08,"(1000 MT)",0.0000
0422110,"Rice, Milled",DM,"Benin",1966,2006,07,081,"TY Imports",08,"(1000 MT)",7.0000
0422110,"Rice, Milled",DM,"Benin",1966,2006,07,184,"Yield",26,"(MT/HA)",1.0000
0422110,"Rice, Milled",DM,"Benin",1967,2006,07,004,"Area Harvested",04,"(1000 HA)",2.0000
0422110,"Rice, Milled",DM,"Benin",1967,2006,07,020,"Beginning Stocks",08,"(1000 MT)",0.0000
0422110,"Rice, Milled",DM,"Benin",1967,2006,07,125,"Domestic Consumption",08,"(1000 MT)",8.0000
0422110,"Rice, Milled",DM,"Benin",1967,2006,07,176,"Ending Stocks",08,"(1000 MT)",0.0000
0422110,"Rice, Milled",DM,"Benin",1967,2006,07,088,"Exports",08,"(1000 MT)",0.0000
0422110,"Rice, Milled",DM,"Benin",1967,2006,07,057,"Imports",08,"(1000 MT)",7.0000
0422110,"Rice, Milled",DM,"Benin",1967,2006,07,182,"Milling Rate (.9999)",08,"(1000 MT)",6400.0000
0422110,"Rice, Milled",DM,"Benin",1967,2006,07,028,"Production",08,"(1000 MT)",1.0000
0422110,"Rice, Milled",DM,"Benin",1967,2006,07,054,"Rough Production",08,"(1000 MT)",2.0000
0422110,"Rice, Milled",DM,"Benin",1967,2006,07,178,"Total Distribution",08,"(1000 MT)",8.0000
0422110,"Rice, Milled",DM,"Benin",1967,2006,07,086,"Total Supply",08,"(1000 MT)",8.0000
0422110,"Rice, Milled",DM,"Benin",1967,2006,07,113,"TY Exports",08,"(1000 MT)",0.0000
0422110,"Rice, Milled",DM,"Benin",1967,2006,07,084,"TY Imp. from U.S.",08,"(1000 MT)",0.0000
0422110,"Rice, Milled",DM,"Benin",1967,2006,07,081,"TY Imports",08,"(1000 MT)",4.0000
0422110,"Rice, Milled",DM,"Benin",1967,2006,07,184,"Yield",26,"(MT/HA)",1.0000
0422110,"Rice, Milled",DM,"Benin",1968,2006,07,004,"Area Harvested",04,"(1000 HA)",2.0000
0422110,"Rice, Milled",DM,"Benin",1968,2006,07,020,"Beginning Stocks",08,"(1000 MT)",0.0000
0422110,"Rice, Milled",DM,"Benin",1968,2006,07,125,"Domestic Consumption",08,"(1000 MT)",5.0000
0422110,"Rice, Milled",DM,"Benin",1968,2006,07,176,"Ending Stocks",08,"(1000 MT)",0.0000
0422110,"Rice, Milled",DM,"Benin",1968,2006,07,088,"Exports",08,"(1000 MT)",0.0000
0422110,"Rice, Milled",DM,"Benin",1968,2006,07,057,"Imports",08,"(1000 MT)",4.0000
0422110,"Rice, Milled",DM,"Benin",1968,2006,07,182,"Milling Rate (.9999)",08,"(1000 MT)",6400.0000
0422110,"Rice, Milled",DM,"Benin",1968,2006,07,028,"Production",08,"(1000 MT)",1.0000
0422110,"Rice, Milled",DM,"Benin",1968,2006,07,054,"Rough Production",08,"(1000 MT)",2.0000
0422110,"Rice, Milled",DM,"Benin",1968,2006,07,178,"Total Distribution",08,"(1000 MT)",5.0000
0422110,"Rice, Milled",DM,"Benin",1968,2006,07,086,"Total Supply",08,"(1000 MT)",5.0000
0422110,"Rice, Milled",DM,"Benin",1968,2006,07,113,"TY Exports",08,"(1000 MT)",0.0000
0422110,"Rice, Milled",DM,"Benin",1968,2006,07,084,"TY Imp. from U.S.",08,"(1000 MT)",0.0000
0422110,"Rice, Milled",DM,"Benin",1968,2006,07,081,"TY Imports",08,"(1000 MT)",8.0000
0422110,"Rice, Milled",DM,"Benin",1968,2006,07,184,"Yield",26,"(MT/HA)",1.0000
0422110,"Rice, Milled",DM,"Benin",1969,2006,07,004,"Area Harvested",04,"(1000 HA)",2.0000
0422110,"Rice, Milled",DM,"Benin",1969,2006,07,020,"Beginning Stocks",08,"(1000 MT)",0.0000
0422110,"Rice, Milled",DM,"Benin",1969,2006,07,125,"Domestic Consumption",08,"(1000 MT)",11.0000
0422110,"Rice, Milled",DM,"Benin",1969,2006,07,176,"Ending Stocks",08,"(1000 MT)",0.0000
0422110,"Rice, Milled",DM,"Benin",1969,2006,07,088,"Exports",08,"(1000 MT)",0.0000
0422110,"Rice, Milled",DM,"Benin",1969,2006,07,057,"Imports",08,"(1000 MT)",8.0000
0422110,"Rice, Milled",DM,"Benin",1969,2006,07,182,"Milling Rate (.9999)",08,"(1000 MT)",6400.0000
0422110,"Rice, Milled",DM,"Benin",1969,2006,07,028,"Production",08,"(1000 MT)",3.0000
0422110,"Rice, Milled",DM,"Benin",1969,2006,07,054,"Rough Production",08,"(1000 MT)",5.0000
0422110,"Rice, Milled",DM,"Benin",1969,2006,07,178,"Total Distribution",08,"(1000 MT)",11.0000
0422110,"Rice, Milled",DM,"Benin",1969,2006,07,086,"Total Supply",08,"(1000 MT)",11.0000
0422110,"Rice, Milled",DM,"Benin",1969,2006,07,113,"TY Exports",08,"(1000 MT)",0.0000
0422110,"Rice, Milled",DM,"Benin",1969,2006,07,084,"TY Imp. from U.S.",08,"(1000 MT)",0.0000
0422110,"Rice, Milled",DM,"Benin",1969,2006,07,081,"TY Imports",08,"(1000 MT)",4.0000
0422110,"Rice, Milled",DM,"Benin",1969,2006,07,184,"Yield",26,"(MT/HA)",3.0000
0422110,"Rice, Milled",DM,"Benin",1970,2006,07,004,"Area Harvested",04,"(1000 HA)",2.0000
0422110,"Rice, Milled",DM,"Benin",1970,2006,07,020,"Beginning Stocks",08,"(1000 MT)",0.0000
0422110,"Rice, Milled",DM,"Benin",1970,2006,07,125,"Domestic Consumption",08,"(1000 MT)",8.0000
0422110,"Rice, Milled",DM,"Benin",1970,2006,07,176,"Ending Stocks",08,"(1000 MT)",0.0000
0422110,"Rice, Milled",DM,"Benin",1970,2006,07,088,"Exports",08,"(1000 MT)",0.0000
0422110,"Rice, Milled",DM,"Benin",1970,2006,07,057,"Imports",08,"(1000 MT)",4.0000
0422110,"Rice, Milled",DM,"Benin",1970,2006,07,182,"Milling Rate (.9999)",08,"(1000 MT)",6400.0000
0422110,"Rice, Milled",DM,"Benin",1970,2006,07,028,"Production",08,"(1000 MT)",4.0000
0422110,"Rice, Milled",DM,"Benin",1970,2006,07,054,"Rough Production",08,"(1000 MT)",6.0000
0422110,"Rice, Milled",DM,"Benin",1970,2006,07,178,"Total Distribution",08,"(1000 MT)",8.0000
0422110,"Rice, Milled",DM,"Benin",1970,2006,07,086,"Total Supply",08,"(1000 MT)",8.0000
0422110,"Rice, Milled",DM,"Benin",1970,2006,07,113,"TY Exports",08,"(1000 MT)",0.0000
0422110,"Rice, Milled",DM,"Benin",1970,2006,07,084,"TY Imp. from U.S.",08,"(1000 MT)",0.0000
0422110,"Rice, Milled",DM,"Benin",1970,2006,07,081,"TY Imports",08,"(1000 MT)",8.0000
0422110,"Rice, Milled",DM,"Benin",1970,2006,07,184,"Yield",26,"(MT/HA)",3.0000
0422110,"Rice, Milled",DM,"Benin",1971,2006,07,004,"Area Harvested",04,"(1000 HA)",4.0000
0422110,"Rice, Milled",DM,"Benin",1971,2006,07,020,"Beginning Stocks",08,"(1000 MT)",0.0000
0422110,"Rice, Milled",DM,"Benin",1971,2006,07,125,"Domestic Consumption",08,"(1000 MT)",11.0000
0422110,"Rice, Milled",DM,"Benin",1971,2006,07,176,"Ending Stocks",08,"(1000 MT)",0.0000
0422110,"Rice, Milled",DM,"Benin",1971,2006,07,088,"Exports",08,"(1000 MT)",0.0000
0422110,"Rice, Milled",DM,"Benin",1971,2006,07,057,"Imports",08,"(1000 MT)",8.0000
0422110,"Rice, Milled",DM,"Benin",1971,2006,07,182,"Milling Rate (.9999)",08,"(1000 MT)",6400.0000
0422110,"Rice, Milled",DM,"Benin",1971,2006,07,028,"Production",08,"(1000 MT)",3.0000
0422110,"Rice, Milled",DM,"Benin",1971,2006,07,054,"Rough Production",08,"(1000 MT)",5.0000
0422110,"Rice, Milled",DM,"Benin",1971,2006,07,178,"Total Distribution",08,"(1000 MT)",11.0000
0422110,"Rice, Milled",DM,"Benin",1971,2006,07,086,"Total Supply",08,"(1000 MT)",11.0000
0422110,"Rice, Milled",DM,"Benin",1971,2006,07,113,"TY Exports",08,"(1000 MT)",0.0000
0422110,"Rice, Milled",DM,"Benin",1971,2006,07,084,"TY Imp. from U.S.",08,"(1000 MT)",0.0000
0422110,"Rice, Milled",DM,"Benin",1971,2006,07,081,"TY Imports",08,"(1000 MT)",12.0000
0422110,"Rice, Milled",DM,"Benin",1971,2006,07,184,"Yield",26,"(MT/HA)",1.0000
0422110,"Rice, Milled",DM,"Benin",1972,2006,07,004,"Area Harvested",04,"(1000 HA)",3.0000
0422110,"Rice, Milled",DM,"Benin",1972,2006,07,020,"Beginning Stocks",08,"(1000 MT)",0.0000
0422110,"Rice, Milled",DM,"Benin",1972,2006,07,125,"Domestic Consumption",08,"(1000 MT)",15.0000
0422110,"Rice, Milled",DM,"Benin",1972,2006,07,176,"Ending Stocks",08,"(1000 MT)",0.0000
0422110,"Rice, Milled",DM,"Benin",1972,2006,07,088,"Exports",08,"(1000 MT)",0.0000
0422110,"Rice, Milled",DM,"Benin",1972,2006,07,057,"Imports",08,"(1000 MT)",12.0000
0422110,"Rice, Milled",DM,"Benin",1972,2006,07,182,"Milling Rate (.9999)",08,"(1000 MT)",6400.0000
0422110,"Rice, Milled",DM,"Benin",1972,2006,07,028,"Production",08,"(1000 MT)",3.0000
0422110,"Rice, Milled",DM,"Benin",1972,2006,07,054,"Rough Production",08,"(1000 MT)",5.0000
0422110,"Rice, Milled",DM,"Benin",1972,2006,07,178,"Total Distribution",08,"(1000 MT)",15.0000
0422110,"Rice, Milled",DM,"Benin",1972,2006,07,086,"Total Supply",08,"(1000 MT)",15.0000
0422110,"Rice, Milled",DM,"Benin",1972,2006,07,113,"TY Exports",08,"(1000 MT)",0.0000
0422110,"Rice, Milled",DM,"Benin",1972,2006,07,084,"TY Imp. from U.S.",08,"(1000 MT)",0.0000
0422110,"Rice, Milled",DM,"Benin",1972,2006,07,081,"TY Imports",08,"(1000 MT)",10.0000
0422110,"Rice, Milled",DM,"Benin",1972,2006,07,184,"Yield",26,"(MT/HA)",2.0000
0422110,"Rice, Milled",DM,"Benin",1973,2006,07,004,"Area Harvested",04,"(1000 HA)",4.0000
0422110,"Rice, Milled",DM,"Benin",1973,2006,07,020,"Beginning Stocks",08,"(1000 MT)",0.0000
0422110,"Rice, Milled",DM,"Benin",1973,2006,07,125,"Domestic Consumption",08,"(1000 MT)",14.0000
0422110,"Rice, Milled",DM,"Benin",1973,2006,07,176,"Ending Stocks",08,"(1000 MT)",0.0000
0422110,"Rice, Milled",DM,"Benin",1973,2006,07,088,"Exports",08,"(1000 MT)",0.0000
0422110,"Rice, Milled",DM,"Benin",1973,2006,07,057,"Imports",08,"(1000 MT)",10.0000
0422110,"Rice, Milled",DM,"Benin",1973,2006,07,182,"Milling Rate (.9999)",08,"(1000 MT)",6400.0000
0422110,"Rice, Milled",DM,"Benin",1973,2006,07,028,"Production",08,"(1000 MT)",4.0000
0422110,"Rice, Milled",DM,"Benin",1973,2006,07,054,"Rough Production",08,"(1000 MT)",6.0000
0422110,"Rice, Milled",DM,"Benin",1973,2006,07,178,"Total Distribution",08,"(1000 MT)",14.0000
0422110,"Rice, Milled",DM,"Benin",1973,2006,07,086,"Total Supply",08,"(1000 MT)",14.0000
0422110,"Rice, Milled",DM,"Benin",1973,2006,07,113,"TY Exports",08,"(1000 MT)",0.0000
0422110,"Rice, Milled",DM,"Benin",1973,2006,07,084,"TY Imp. from U.S.",08,"(1000 MT)",0.0000
0422110,"Rice, Milled",DM,"Benin",1973,2006,07,081,"TY Imports",08,"(1000 MT)",3.0000
0422110,"Rice, Milled",DM,"Benin",1973,2006,07,184,"Yield",26,"(MT/HA)",2.0000
0422110,"Rice, Milled",DM,"Benin",1974,2006,07,004,"Area Harvested",04,"(1000 HA)",5.0000
0422110,"Rice, Milled",DM,"Benin",1974,2006,07,020,"Beginning Stocks",08,"(1000 MT)",0.0000
0422110,"Rice, Milled",DM,"Benin",1974,2006,07,125,"Domestic Consumption",08,"(1000 MT)",9.0000
0422110,"Rice, Milled",DM,"Benin",1974,2006,07,176,"Ending Stocks",08,"(1000 MT)",0.0000
0422110,"Rice, Milled",DM,"Benin",1974,2006,07,088,"Exports",08,"(1000 MT)",0.0000
0422110,"Rice, Milled",DM,"Benin",1974,2006,07,057,"Imports",08,"(1000 MT)",3.0000
0422110,"Rice, Milled",DM,"Benin",1974,2006,07,182,"Milling Rate (.9999)",08,"(1000 MT)",6400.0000
0422110,"Rice, Milled",DM,"Benin",1974,2006,07,028,"Production",08,"(1000 MT)",6.0000
0422110,"Rice, Milled",DM,"Benin",1974,2006,07,054,"Rough Production",08,"(1000 MT)",9.0000
0422110,"Rice, Milled",DM,"Benin",1974,2006,07,178,"Total Distribution",08,"(1000 MT)",9.0000
0422110,"Rice, Milled",DM,"Benin",1974,2006,07,086,"Total Supply",08,"(1000 MT)",9.0000
0422110,"Rice, Milled",DM,"Benin",1974,2006,07,113,"TY Exports",08,"(1000 MT)",0.0000
0422110,"Rice, Milled",DM,"Benin",1974,2006,07,084,"TY Imp. from U.S.",08,"(1000 MT)",0.0000
0422110,"Rice, Milled",DM,"Benin",1974,2006,07,081,"TY Imports",08,"(1000 MT)",2.0000
0422110,"Rice, Milled",DM,"Benin",1974,2006,07,184,"Yield",26,"(MT/HA)",2.0000
0422110,"Rice, Milled",DM,"Benin",1975,2006,07,004,"Area Harvested",04,"(1000 HA)",7.0000
0422110,"Rice, Milled",DM,"Benin",1975,2006,07,020,"Beginning Stocks",08,"(1000 MT)",0.0000
0422110,"Rice, Milled",DM,"Benin",1975,2006,07,125,"Domestic Consumption",08,"(1000 MT)",10.0000
0422110,"Rice, Milled",DM,"Benin",1975,2006,07,176,"Ending Stocks",08,"(1000 MT)",0.0000
0422110,"Rice, Milled",DM,"Benin",1975,2006,07,088,"Exports",08,"(1000 MT)",0.0000
0422110,"Rice, Milled",DM,"Benin",1975,2006,07,057,"Imports",08,"(1000 MT)",2.0000
0422110,"Rice, Milled",DM,"Benin",1975,2006,07,182,"Milling Rate (.9999)",08,"(1000 MT)",6400.0000
0422110,"Rice, Milled",DM,"Benin",1975,2006,07,028,"Production",08,"(1000 MT)",8.0000
0422110,"Rice, Milled",DM,"Benin",1975,2006,07,054,"Rough Production",08,"(1000 MT)",13.0000
0422110,"Rice, Milled",DM,"Benin",1975,2006,07,178,"Total Distribution",08,"(1000 MT)",10.0000
0422110,"Rice, Milled",DM,"Benin",1975,2006,07,086,"Total Supply",08,"(1000 MT)",10.0000
0422110,"Rice, Milled",DM,"Benin",1975,2006,07,113,"TY Exports",08,"(1000 MT)",0.0000
0422110,"Rice, Milled",DM,"Benin",1975,2006,07,084,"TY Imp. from U.S.",08,"(1000 MT)",0.0000
0422110,"Rice, Milled",DM,"Benin",1975,2006,07,081,"TY Imports",08,"(1000 MT)",8.0000
0422110,"Rice, Milled",DM,"Benin",1975,2006,07,184,"Yield",26,"(MT/HA)",2.0000
0422110,"Rice, Milled",DM,"Benin",1976,2006,07,004,"Area Harvested",04,"(1000 HA)",12.0000
0422110,"Rice, Milled",DM,"Benin",1976,2006,07,020,"Beginning Stocks",08,"(1000 MT)",0.0000
0422110,"Rice, Milled",DM,"Benin",1976,2006,07,125,"Domestic Consumption",08,"(1000 MT)",20.0000
0422110,"Rice, Milled",DM,"Benin",1976,2006,07,176,"Ending Stocks",08,"(1000 MT)",0.0000
0422110,"Rice, Milled",DM,"Benin",1976,2006,07,088,"Exports",08,"(1000 MT)",0.0000
0422110,"Rice, Milled",DM,"Benin",1976,2006,07,057,"Imports",08,"(1000 MT)",8.0000
0422110,"Rice, Milled",DM,"Benin",1976,2006,07,182,"Milling Rate (.9999)",08,"(1000 MT)",6400.0000
0422110,"Rice, Milled",DM,"Benin",1976,2006,07,028,"Production",08,"(1000 MT)",12.0000
0422110,"Rice, Milled",DM,"Benin",1976,2006,07,054,"Rough Production",08,"(1000 MT)",19.0000
0422110,"Rice, Milled",DM,"Benin",1976,2006,07,178,"Total Distribution",08,"(1000 MT)",20.0000
0422110,"Rice, Milled",DM,"Benin",1976,2006,07,086,"Total Supply",08,"(1000 MT)",20.0000
0422110,"Rice, Milled",DM,"Benin",1976,2006,07,113,"TY Exports",08,"(1000 MT)",0.0000
0422110,"Rice, Milled",DM,"Benin",1976,2006,07,084,"TY Imp. from U.S.",08,"(1000 MT)",0.0000
0422110,"Rice, Milled",DM,"Benin",1976,2006,07,081,"TY Imports",08,"(1000 MT)",12.0000
0422110,"Rice, Milled",DM,"Benin",1976,2006,07,184,"Yield",26,"(MT/HA)",2.0000
0422110,"Rice, Milled",DM,"Benin",1977,2006,07,004,"Area Harvested",04,"(1000 HA)",10.0000
0422110,"Rice, Milled",DM,"Benin",1977,2006,07,020,"Beginning Stocks",08,"(1000 MT)",0.0000
0422110,"Rice, Milled",DM,"Benin",1977,2006,07,125,"Domestic Consumption",08,"(1000 MT)",25.0000
0422110,"Rice, Milled",DM,"Benin",1977,2006,07,176,"Ending Stocks",08,"(1000 MT)",0.0000
0422110,"Rice, Milled",DM,"Benin",1977,2006,07,088,"Exports",08,"(1000 MT)",0.0000
0422110,"Rice, Milled",DM,"Benin",1977,2006,07,057,"Imports",08,"(1000 MT)",12.0000
0422110,"Rice, Milled",DM,"Benin",1977,2006,07,182,"Milling Rate (.9999)",08,"(1000 MT)",6400.0000
0422110,"Rice, Milled",DM,"Benin",1977,2006,07,028,"Production",08,"(1000 MT)",13.0000
0422110,"Rice, Milled",DM,"Benin",1977,2006,07,054,"Rough Production",08,"(1000 MT)",20.0000
0422110,"Rice, Milled",DM,"Benin",1977,2006,07,178,"Total Distribution",08,"(1000 MT)",25.0000
0422110,"Rice, Milled",DM,"Benin",1977,2006,07,086,"Total Supply",08,"(1000 MT)",25.0000
0422110,"Rice, Milled",DM,"Benin",1977,2006,07,113,"TY Exports",08,"(1000 MT)",0.0000
0422110,"Rice, Milled",DM,"Benin",1977,2006,07,084,"TY Imp. from U.S.",08,"(1000 MT)",0.0000
0422110,"Rice, Milled",DM,"Benin",1977,2006,07,081,"TY Imports",08,"(1000 MT)",4.0000
0422110,"Rice, Milled",DM,"Benin",1977,2006,07,184,"Yield",26,"(MT/HA)",2.0000
0422110,"Rice, Milled",DM,"Benin",1978,2006,07,004,"Area Harvested",04,"(1000 HA)",9.0000
0422110,"Rice, Milled",DM,"Benin",1978,2006,07,020,"Beginning Stocks",08,"(1000 MT)",0.0000
0422110,"Rice, Milled",DM,"Benin",1978,2006,07,125,"Domestic Consumption",08,"(1000 MT)",10.0000
0422110,"Rice, Milled",DM,"Benin",1978,2006,07,176,"Ending Stocks",08,"(1000 MT)",0.0000
0422110,"Rice, Milled",DM,"Benin",1978,2006,07,088,"Exports",08,"(1000 MT)",0.0000
0422110,"Rice, Milled",DM,"Benin",1978,2006,07,057,"Imports",08,"(1000 MT)",4.0000
0422110,"Rice, Milled",DM,"Benin",1978,2006,07,182,"Milling Rate (.9999)",08,"(1000 MT)",6400.0000
0422110,"Rice, Milled",DM,"Benin",1978,2006,07,028,"Production",08,"(1000 MT)",6.0000
0422110,"Rice, Milled",DM,"Benin",1978,2006,07,054,"Rough Production",08,"(1000 MT)",9.0000
0422110,"Rice, Milled",DM,"Benin",1978,2006,07,178,"Total Distribution",08,"(1000 MT)",10.0000
0422110,"Rice, Milled",DM,"Benin",1978,2006,07,086,"Total Supply",08,"(1000 MT)",10.0000
0422110,"Rice, Milled",DM,"Benin",1978,2006,07,113,"TY Exports",08,"(1000 MT)",0.0000
0422110,"Rice, Milled",DM,"Benin",1978,2006,07,084,"TY Imp. from U.S.",08,"(1000 MT)",0.0000
0422110,"Rice, Milled",DM,"Benin",1978,2006,07,081,"TY Imports",08,"(1000 MT)",21.0000
0422110,"Rice, Milled",DM,"Benin",1978,2006,07,184,"Yield",26,"(MT/HA)",1.0000
0422110,"Rice, Milled",DM,"Benin",1979,2006,07,004,"Area Harvested",04,"(1000 HA)",9.0000
0422110,"Rice, Milled",DM,"Benin",1979,2006,07,020,"Beginning Stocks",08,"(1000 MT)",0.0000
0422110,"Rice, Milled",DM,"Benin",1979,2006,07,125,"Domestic Consumption",08,"(1000 MT)",29.0000
0422110,"Rice, Milled",DM,"Benin",1979,2006,07,176,"Ending Stocks",08,"(1000 MT)",0.0000
0422110,"Rice, Milled",DM,"Benin",1979,2006,07,088,"Exports",08,"(1000 MT)",0.0000
0422110,"Rice, Milled",DM,"Benin",1979,2006,07,057,"Imports",08,"(1000 MT)",21.0000
0422110,"Rice, Milled",DM,"Benin",1979,2006,07,182,"Milling Rate (.9999)",08,"(1000 MT)",6400.0000
0422110,"Rice, Milled",DM,"Benin",1979,2006,07,028,"Production",08,"(1000 MT)",8.0000
0422110,"Rice, Milled",DM,"Benin",1979,2006,07,054,"Rough Production",08,"(1000 MT)",13.0000
0422110,"Rice, Milled",DM,"Benin",1979,2006,07,178,"Total Distribution",08,"(1000 MT)",29.0000
0422110,"Rice, Milled",DM,"Benin",1979,2006,07,086,"Total Supply",08,"(1000 MT)",29.0000
0422110,"Rice, Milled",DM,"Benin",1979,2006,07,113,"TY Exports",08,"(1000 MT)",0.0000
0422110,"Rice, Milled",DM,"Benin",1979,2006,07,084,"TY Imp. from U.S.",08,"(1000 MT)",0.0000
0422110,"Rice, Milled",DM,"Benin",1979,2006,07,081,"TY Imports",08,"(1000 MT)",14.0000
0422110,"Rice, Milled",DM,"Benin",1979,2006,07,184,"Yield",26,"(MT/HA)",1.0000
0422110,"Rice, Milled",DM,"Benin",1980,2006,07,004,"Area Harvested",04,"(1000 HA)",9.0000
0422110,"Rice, Milled",DM,"Benin",1980,2006,07,020,"Beginning Stocks",08,"(1000 MT)",0.0000
0422110,"Rice, Milled",DM,"Benin",1980,2006,07,125,"Domestic Consumption",08,"(1000 MT)",43.0000
0422110,"Rice, Milled",DM,"Benin",1980,2006,07,176,"Ending Stocks",08,"(1000 MT)",0.0000
0422110,"Rice, Milled",DM,"Benin",1980,2006,07,088,"Exports",08,"(1000 MT)",0.0000
0422110,"Rice, Milled",DM,"Benin",1980,2006,07,057,"Imports",08,"(1000 MT)",37.0000
0422110,"Rice, Milled",DM,"Benin",1980,2006,07,182,"Milling Rate (.9999)",08,"(1000 MT)",6400.0000
0422110,"Rice, Milled",DM,"Benin",1980,2006,07,028,"Production",08,"(1000 MT)",6.0000
0422110,"Rice, Milled",DM,"Benin",1980,2006,07,054,"Rough Production",08,"(1000 MT)",9.0000
0422110,"Rice, Milled",DM,"Benin",1980,2006,07,178,"Total Distribution",08,"(1000 MT)",43.0000
0422110,"Rice, Milled",DM,"Benin",1980,2006,07,086,"Total Supply",08,"(1000 MT)",43.0000
0422110,"Rice, Milled",DM,"Benin",1980,2006,07,113,"TY Exports",08,"(1000 MT)",0.0000
0422110,"Rice, Milled",DM,"Benin",1980,2006,07,084,"TY Imp. from U.S.",08,"(1000 MT)",0.0000
0422110,"Rice, Milled",DM,"Benin",1980,2006,07,081,"TY Imports",08,"(1000 MT)",37.0000
0422110,"Rice, Milled",DM,"Benin",1980,2006,07,184,"Yield",26,"(MT/HA)",1.0000
0422110,"Rice, Milled",DM,"Benin",1981,2006,07,004,"Area Harvested",04,"(1000 HA)",8.0000
0422110,"Rice, Milled",DM,"Benin",1981,2006,07,020,"Beginning Stocks",08,"(1000 MT)",0.0000
0422110,"Rice, Milled",DM,"Benin",1981,2006,07,125,"Domestic Consumption",08,"(1000 MT)",21.0000
0422110,"Rice, Milled",DM,"Benin",1981,2006,07,176,"Ending Stocks",08,"(1000 MT)",0.0000
0422110,"Rice, Milled",DM,"Benin",1981,2006,07,088,"Exports",08,"(1000 MT)",0.0000
0422110,"Rice, Milled",DM,"Benin",1981,2006,07,057,"Imports",08,"(1000 MT)",15.0000
0422110,"Rice, Milled",DM,"Benin",1981,2006,07,182,"Milling Rate (.9999)",08,"(1000 MT)",6400.0000
0422110,"Rice, Milled",DM,"Benin",1981,2006,07,028,"Production",08,"(1000 MT)",6.0000
0422110,"Rice, Milled",DM,"Benin",1981,2006,07,054,"Rough Production",08,"(1000 MT)",9.0000
0422110,"Rice, Milled",DM,"Benin",1981,2006,07,178,"Total Distribution",08,"(1000 MT)",21.0000
0422110,"Rice, Milled",DM,"Benin",1981,2006,07,086,"Total Supply",08,"(1000 MT)",21.0000
0422110,"Rice, Milled",DM,"Benin",1981,2006,07,113,"TY Exports",08,"(1000 MT)",0.0000
0422110,"Rice, Milled",DM,"Benin",1981,2006,07,084,"TY Imp. from U.S.",08,"(1000 MT)",0.0000
0422110,"Rice, Milled",DM,"Benin",1981,2006,07,081,"TY Imports",08,"(1000 MT)",15.0000
0422110,"Rice, Milled",DM,"Benin",1981,2006,07,184,"Yield",26,"(MT/HA)",1.0000
0422110,"Rice, Milled",DM,"Benin",1982,2006,07,004,"Area Harvested",04,"(1000 HA)",8.0000
0422110,"Rice, Milled",DM,"Benin",1982,2006,07,020,"Beginning Stocks",08,"(1000 MT)",0.0000
0422110,"Rice, Milled",DM,"Benin",1982,2006,07,125,"Domestic Consumption",08,"(1000 MT)",18.0000
0422110,"Rice, Milled",DM,"Benin",1982,2006,07,176,"Ending Stocks",08,"(1000 MT)",0.0000
0422110,"Rice, Milled",DM,"Benin",1982,2006,07,088,"Exports",08,"(1000 MT)",0.0000
0422110,"Rice, Milled",DM,"Benin",1982,2006,07,057,"Imports",08,"(1000 MT)",12.0000
0422110,"Rice, Milled",DM,"Benin",1982,2006,07,182,"Milling Rate (.9999)",08,"(1000 MT)",6400.0000
0422110,"Rice, Milled",DM,"Benin",1982,2006,07,028,"Production",08,"(1000 MT)",6.0000
0422110,"Rice, Milled",DM,"Benin",1982,2006,07,054,"Rough Production",08,"(1000 MT)",9.0000
0422110,"Rice, Milled",DM,"Benin",1982,2006,07,178,"Total Distribution",08,"(1000 MT)",18.0000
0422110,"Rice, Milled",DM,"Benin",1982,2006,07,086,"Total Supply",08,"(1000 MT)",18.0000
0422110,"Rice, Milled",DM,"Benin",1982,2006,07,113,"TY Exports",08,"(1000 MT)",0.0000
0422110,"Rice, Milled",DM,"Benin",1982,2006,07,084,"TY Imp. from U.S.",08,"(1000 MT)",0.0000
0422110,"Rice, Milled",DM,"Benin",1982,2006,07,081,"TY Imports",08,"(1000 MT)",12.0000
0422110,"Rice, Milled",DM,"Benin",1982,2006,07,184,"Yield",26,"(MT/HA)",1.0000
0422110,"Rice, Milled",DM,"Benin",1983,2006,07,004,"Area Harvested",04,"(1000 HA)",7.0000
0422110,"Rice, Milled",DM,"Benin",1983,2006,07,020,"Beginning Stocks",08,"(1000 MT)",0.0000
0422110,"Rice, Milled",DM,"Benin",1983,2006,07,125,"Domestic Consumption",08,"(1000 MT)",28.0000
0422110,"Rice, Milled",DM,"Benin",1983,2006,07,176,"Ending Stocks",08,"(1000 MT)",0.0000
0422110,"Rice, Milled",DM,"Benin",1983,2006,07,088,"Exports",08,"(1000 MT)",0.0000
0422110,"Rice, Milled",DM,"Benin",1983,2006,07,057,"Imports",08,"(1000 MT)",25.0000
0422110,"Rice, Milled",DM,"Benin",1983,2006,07,182,"Milling Rate (.9999)",08,"(1000 MT)",6400.0000
0422110,"Rice, Milled",DM,"Benin",1983,2006,07,028,"Production",08,"(1000 MT)",3.0000
0422110,"Rice, Milled",DM,"Benin",1983,2006,07,054,"Rough Production",08,"(1000 MT)",5.0000
0422110,"Rice, Milled",DM,"Benin",1983,2006,07,178,"Total Distribution",08,"(1000 MT)",28.0000
0422110,"Rice, Milled",DM,"Benin",1983,2006,07,086,"Total Supply",08,"(1000 MT)",28.0000
0422110,"Rice, Milled",DM,"Benin",1983,2006,07,113,"TY Exports",08,"(1000 MT)",0.0000
0422110,"Rice, Milled",DM,"Benin",1983,2006,07,084,"TY Imp. from U.S.",08,"(1000 MT)",0.0000
0422110,"Rice, Milled",DM,"Benin",1983,2006,07,081,"TY Imports",08,"(1000 MT)",25.0000
0422110,"Rice, Milled",DM,"Benin",1983,2006,07,184,"Yield",26,"(MT/HA)",1.0000
0422110,"Rice, Milled",DM,"Benin",1984,2006,07,004,"Area Harvested",04,"(1000 HA)",6.0000
0422110,"Rice, Milled",DM,"Benin",1984,2006,07,020,"Beginning Stocks",08,"(1000 MT)",0.0000
0422110,"Rice, Milled",DM,"Benin",1984,2006,07,125,"Domestic Consumption",08,"(1000 MT)",30.0000
0422110,"Rice, Milled",DM,"Benin",1984,2006,07,176,"Ending Stocks",08,"(1000 MT)",0.0000
0422110,"Rice, Milled",DM,"Benin",1984,2006,07,088,"Exports",08,"(1000 MT)",0.0000
0422110,"Rice, Milled",DM,"Benin",1984,2006,07,057,"Imports",08,"(1000 MT)",25.0000
0422110,"Rice, Milled",DM,"Benin",1984,2006,07,182,"Milling Rate (.9999)",08,"(1000 MT)",6400.0000
0422110,"Rice, Milled",DM,"Benin",1984,2006,07,028,"Production",08,"(1000 MT)",5.0000
0422110,"Rice, Milled",DM,"Benin",1984,2006,07,054,"Rough Production",08,"(1000 MT)",8.0000
0422110,"Rice, Milled",DM,"Benin",1984,2006,07,178,"Total Distribution",08,"(1000 MT)",30.0000
0422110,"Rice, Milled",DM,"Benin",1984,2006,07,086,"Total Supply",08,"(1000 MT)",30.0000
0422110,"Rice, Milled",DM,"Benin",1984,2006,07,113,"TY Exports",08,"(1000 MT)",0.0000
0422110,"Rice, Milled",DM,"Benin",1984,2006,07,084,"TY Imp. from U.S.",08,"(1000 MT)",0.0000
0422110,"Rice, Milled",DM,"Benin",1984,2006,07,081,"TY Imports",08,"(1000 MT)",25.0000
0422110,"Rice, Milled",DM,"Benin",1984,2006,07,184,"Yield",26,"(MT/HA)",1.0000
0422110,"Rice, Milled",DM,"Benin",1985,2006,07,004,"Area Harvested",04,"(1000 HA)",6.0000
0422110,"Rice, Milled",DM,"Benin",1985,2006,07,020,"Beginning Stocks",08,"(1000 MT)",0.0000
0422110,"Rice, Milled",DM,"Benin",1985,2006,07,125,"Domestic Consumption",08,"(1000 MT)",29.0000
0422110,"Rice, Milled",DM,"Benin",1985,2006,07,176,"Ending Stocks",08,"(1000 MT)",0.0000
0422110,"Rice, Milled",DM,"Benin",1985,2006,07,088,"Exports",08,"(1000 MT)",0.0000
0422110,"Rice, Milled",DM,"Benin",1985,2006,07,057,"Imports",08,"(1000 MT)",25.0000
0422110,"Rice, Milled",DM,"Benin",1985,2006,07,182,"Milling Rate (.9999)",08,"(1000 MT)",6400.0000
0422110,"Rice, Milled",DM,"Benin",1985,2006,07,028,"Production",08,"(1000 MT)",4.0000
0422110,"Rice, Milled",DM,"Benin",1985,2006,07,054,"Rough Production",08,"(1000 MT)",6.0000
0422110,"Rice, Milled",DM,"Benin",1985,2006,07,178,"Total Distribution",08,"(1000 MT)",29.0000
0422110,"Rice, Milled",DM,"Benin",1985,2006,07,086,"Total Supply",08,"(1000 MT)",29.0000
0422110,"Rice, Milled",DM,"Benin",1985,2006,07,113,"TY Exports",08,"(1000 MT)",0.0000
0422110,"Rice, Milled",DM,"Benin",1985,2006,07,084,"TY Imp. from U.S.",08,"(1000 MT)",0.0000
0422110,"Rice, Milled",DM,"Benin",1985,2006,07,081,"TY Imports",08,"(1000 MT)",25.0000
0422110,"Rice, Milled",DM,"Benin",1985,2006,07,184,"Yield",26,"(MT/HA)",1.0000
0422110,"Rice, Milled",DM,"Benin",1986,2006,07,004,"Area Harvested",04,"(1000 HA)",7.0000
0422110,"Rice, Milled",DM,"Benin",1986,2006,07,020,"Beginning Stocks",08,"(1000 MT)",0.0000
0422110,"Rice, Milled",DM,"Benin",1986,2006,07,125,"Domestic Consumption",08,"(1000 MT)",31.0000
0422110,"Rice, Milled",DM,"Benin",1986,2006,07,176,"Ending Stocks",08,"(1000 MT)",0.0000
0422110,"Rice, Milled",DM,"Benin",1986,2006,07,088,"Exports",08,"(1000 MT)",0.0000
0422110,"Rice, Milled",DM,"Benin",1986,2006,07,057,"Imports",08,"(1000 MT)",25.0000
0422110,"Rice, Milled",DM,"Benin",1986,2006,07,182,"Milling Rate (.9999)",08,"(1000 MT)",6400.0000
0422110,"Rice, Milled",DM,"Benin",1986,2006,07,028,"Production",08,"(1000 MT)",6.0000
0422110,"Rice, Milled",DM,"Benin",1986,2006,07,054,"Rough Production",08,"(1000 MT)",9.0000
0422110,"Rice, Milled",DM,"Benin",1986,2006,07,178,"Total Distribution",08,"(1000 MT)",31.0000
0422110,"Rice, Milled",DM,"Benin",1986,2006,07,086,"Total Supply",08,"(1000 MT)",31.0000
0422110,"Rice, Milled",DM,"Benin",1986,2006,07,113,"TY Exports",08,"(1000 MT)",0.0000
0422110,"Rice, Milled",DM,"Benin",1986,2006,07,084,"TY Imp. from U.S.",08,"(1000 MT)",0.0000
0422110,"Rice, Milled",DM,"Benin",1986,2006,07,081,"TY Imports",08,"(1000 MT)",25.0000
0422110,"Rice, Milled",DM,"Benin",1986,2006,07,184,"Yield",26,"(MT/HA)",1.0000
0422110,"Rice, Milled",DM,"Benin",1987,2006,07,004,"Area Harvested",04,"(1000 HA)",8.0000
0422110,"Rice, Milled",DM,"Benin",1987,2006,07,020,"Beginning Stocks",08,"(1000 MT)",0.0000
0422110,"Rice, Milled",DM,"Benin",1987,2006,07,125,"Domestic Consumption",08,"(1000 MT)",37.0000
0422110,"Rice, Milled",DM,"Benin",1987,2006,07,176,"Ending Stocks",08,"(1000 MT)",0.0000
0422110,"Rice, Milled",DM,"Benin",1987,2006,07,088,"Exports",08,"(1000 MT)",0.0000
0422110,"Rice, Milled",DM,"Benin",1987,2006,07,057,"Imports",08,"(1000 MT)",30.0000
0422110,"Rice, Milled",DM,"Benin",1987,2006,07,182,"Milling Rate (.9999)",08,"(1000 MT)",6400.0000
0422110,"Rice, Milled",DM,"Benin",1987,2006,07,028,"Production",08,"(1000 MT)",7.0000
0422110,"Rice, Milled",DM,"Benin",1987,2006,07,054,"Rough Production",08,"(1000 MT)",11.0000
0422110,"Rice, Milled",DM,"Benin",1987,2006,07,178,"Total Distribution",08,"(1000 MT)",37.0000
0422110,"Rice, Milled",DM,"Benin",1987,2006,07,086,"Total Supply",08,"(1000 MT)",37.0000
0422110,"Rice, Milled",DM,"Benin",1987,2006,07,113,"TY Exports",08,"(1000 MT)",0.0000
0422110,"Rice, Milled",DM,"Benin",1987,2006,07,084,"TY Imp. from U.S.",08,"(1000 MT)",0.0000
0422110,"Rice, Milled",DM,"Benin",1987,2006,07,081,"TY Imports",08,"(1000 MT)",30.0000
0422110,"Rice, Milled",DM,"Benin",1987,2006,07,184,"Yield",26,"(MT/HA)",1.0000
0422110,"Rice, Milled",DM,"Benin",1988,2006,07,004,"Area Harvested",04,"(1000 HA)",9.0000
0422110,"Rice, Milled",DM,"Benin",1988,2006,07,020,"Beginning Stocks",08,"(1000 MT)",0.0000
0422110,"Rice, Milled",DM,"Benin",1988,2006,07,125,"Domestic Consumption",08,"(1000 MT)",38.0000
0422110,"Rice, Milled",DM,"Benin",1988,2006,07,176,"Ending Stocks",08,"(1000 MT)",0.0000
0422110,"Rice, Milled",DM,"Benin",1988,2006,07,088,"Exports",08,"(1000 MT)",0.0000
0422110,"Rice, Milled",DM,"Benin",1988,2006,07,057,"Imports",08,"(1000 MT)",30.0000
0422110,"Rice, Milled",DM,"Benin",1988,2006,07,182,"Milling Rate (.9999)",08,"(1000 MT)",6400.0000
0422110,"Rice, Milled",DM,"Benin",1988,2006,07,028,"Production",08,"(1000 MT)",8.0000
0422110,"Rice, Milled",DM,"Benin",1988,2006,07,054,"Rough Production",08,"(1000 MT)",13.0000
0422110,"Rice, Milled",DM,"Benin",1988,2006,07,178,"Total Distribution",08,"(1000 MT)",38.0000
0422110,"Rice, Milled",DM,"Benin",1988,2006,07,086,"Total Supply",08,"(1000 MT)",38.0000
0422110,"Rice, Milled",DM,"Benin",1988,2006,07,113,"TY Exports",08,"(1000 MT)",0.0000
0422110,"Rice, Milled",DM,"Benin",1988,2006,07,084,"TY Imp. from U.S.",08,"(1000 MT)",0.0000
0422110,"Rice, Milled",DM,"Benin",1988,2006,07,081,"TY Imports",08,"(1000 MT)",30.0000
0422110,"Rice, Milled",DM,"Benin",1988,2006,07,184,"Yield",26,"(MT/HA)",1.0000
0422110,"Rice, Milled",DM,"Benin",1989,2006,07,004,"Area Harvested",04,"(1000 HA)",8.0000
0422110,"Rice, Milled",DM,"Benin",1989,2006,07,020,"Beginning Stocks",08,"(1000 MT)",0.0000
0422110,"Rice, Milled",DM,"Benin",1989,2006,07,125,"Domestic Consumption",08,"(1000 MT)",37.0000
0422110,"Rice, Milled",DM,"Benin",1989,2006,07,176,"Ending Stocks",08,"(1000 MT)",0.0000
0422110,"Rice, Milled",DM,"Benin",1989,2006,07,088,"Exports",08,"(1000 MT)",0.0000
0422110,"Rice, Milled",DM,"Benin",1989,2006,07,057,"Imports",08,"(1000 MT)",30.0000
0422110,"Rice, Milled",DM,"Benin",1989,2006,07,182,"Milling Rate (.9999)",08,"(1000 MT)",6400.0000
0422110,"Rice, Milled",DM,"Benin",1989,2006,07,028,"Production",08,"(1000 MT)",7.0000
0422110,"Rice, Milled",DM,"Benin",1989,2006,07,054,"Rough Production",08,"(1000 MT)",11.0000
0422110,"Rice, Milled",DM,"Benin",1989,2006,07,178,"Total Distribution",08,"(1000 MT)",37.0000
0422110,"Rice, Milled",DM,"Benin",1989,2006,07,086,"Total Supply",08,"(1000 MT)",37.0000
0422110,"Rice, Milled",DM,"Benin",1989,2006,07,113,"TY Exports",08,"(1000 MT)",0.0000
0422110,"Rice, Milled",DM,"Benin",1989,2006,07,084,"TY Imp. from U.S.",08,"(1000 MT)",0.0000
0422110,"Rice, Milled",DM,"Benin",1989,2006,07,081,"TY Imports",08,"(1000 MT)",30.0000
0422110,"Rice, Milled",DM,"Benin",1989,2006,07,184,"Yield",26,"(MT/HA)",1.0000
0422110,"Rice, Milled",DM,"Benin",1990,2006,07,004,"Area Harvested",04,"(1000 HA)",7.0000
0422110,"Rice, Milled",DM,"Benin",1990,2006,07,020,"Beginning Stocks",08,"(1000 MT)",0.0000
0422110,"Rice, Milled",DM,"Benin",1990,2006,07,125,"Domestic Consumption",08,"(1000 MT)",36.0000
0422110,"Rice, Milled",DM,"Benin",1990,2006,07,176,"Ending Stocks",08,"(1000 MT)",0.0000
0422110,"Rice, Milled",DM,"Benin",1990,2006,07,088,"Exports",08,"(1000 MT)",0.0000
0422110,"Rice, Milled",DM,"Benin",1990,2006,07,057,"Imports",08,"(1000 MT)",30.0000
0422110,"Rice, Milled",DM,"Benin",1990,2006,07,182,"Milling Rate (.9999)",08,"(1000 MT)",6400.0000
0422110,"Rice, Milled",DM,"Benin",1990,2006,07,028,"Production",08,"(1000 MT)",6.0000
0422110,"Rice, Milled",DM,"Benin",1990,2006,07,054,"Rough Production",08,"(1000 MT)",9.0000
0422110,"Rice, Milled",DM,"Benin",1990,2006,07,178,"Total Distribution",08,"(1000 MT)",36.0000
0422110,"Rice, Milled",DM,"Benin",1990,2006,07,086,"Total Supply",08,"(1000 MT)",36.0000
0422110,"Rice, Milled",DM,"Benin",1990,2006,07,113,"TY Exports",08,"(1000 MT)",0.0000
0422110,"Rice, Milled",DM,"Benin",1990,2006,07,084,"TY Imp. from U.S.",08,"(1000 MT)",0.0000
0422110,"Rice, Milled",DM,"Benin",1990,2006,07,081,"TY Imports",08,"(1000 MT)",30.0000
0422110,"Rice, Milled",DM,"Benin",1990,2006,07,184,"Yield",26,"(MT/HA)",1.0000
0422110,"Rice, Milled",DM,"Benin",1991,2006,07,004,"Area Harvested",04,"(1000 HA)",7.0000
0422110,"Rice, Milled",DM,"Benin",1991,2006,07,020,"Beginning Stocks",08,"(1000 MT)",0.0000
0422110,"Rice, Milled",DM,"Benin",1991,2006,07,125,"Domestic Consumption",08,"(1000 MT)",36.0000
0422110,"Rice, Milled",DM,"Benin",1991,2006,07,176,"Ending Stocks",08,"(1000 MT)",0.0000
0422110,"Rice, Milled",DM,"Benin",1991,2006,07,088,"Exports",08,"(1000 MT)",0.0000
0422110,"Rice, Milled",DM,"Benin",1991,2006,07,057,"Imports",08,"(1000 MT)",30.0000
0422110,"Rice, Milled",DM,"Benin",1991,2006,07,182,"Milling Rate (.9999)",08,"(1000 MT)",6400.0000
0422110,"Rice, Milled",DM,"Benin",1991,2006,07,028,"Production",08,"(1000 MT)",6.0000
0422110,"Rice, Milled",DM,"Benin",1991,2006,07,054,"Rough Production",08,"(1000 MT)",9.0000
0422110,"Rice, Milled",DM,"Benin",1991,2006,07,178,"Total Distribution",08,"(1000 MT)",36.0000
0422110,"Rice, Milled",DM,"Benin",1991,2006,07,086,"Total Supply",08,"(1000 MT)",36.0000
0422110,"Rice, Milled",DM,"Benin",1991,2006,07,113,"TY Exports",08,"(1000 MT)",0.0000
0422110,"Rice, Milled",DM,"Benin",1991,2006,07,084,"TY Imp. from U.S.",08,"(1000 MT)",0.0000
0422110,"Rice, Milled",DM,"Benin",1991,2006,07,081,"TY Imports",08,"(1000 MT)",30.0000
0422110,"Rice, Milled",DM,"Benin",1991,2006,07,184,"Yield",26,"(MT/HA)",1.0000
0422110,"Rice, Milled",DM,"Benin",1992,2006,07,004,"Area Harvested",04,"(1000 HA)",7.0000
0422110,"Rice, Milled",DM,"Benin",1992,2006,07,020,"Beginning Stocks",08,"(1000 MT)",0.0000
0422110,"Rice, Milled",DM,"Benin",1992,2006,07,125,"Domestic Consumption",08,"(1000 MT)",56.0000
0422110,"Rice, Milled",DM,"Benin",1992,2006,07,176,"Ending Stocks",08,"(1000 MT)",0.0000
0422110,"Rice, Milled",DM,"Benin",1992,2006,07,088,"Exports",08,"(1000 MT)",0.0000
0422110,"Rice, Milled",DM,"Benin",1992,2006,07,057,"Imports",08,"(1000 MT)",50.0000
0422110,"Rice, Milled",DM,"Benin",1992,2006,07,182,"Milling Rate (.9999)",08,"(1000 MT)",6400.0000
0422110,"Rice, Milled",DM,"Benin",1992,2006,07,028,"Production",08,"(1000 MT)",6.0000
0422110,"Rice, Milled",DM,"Benin",1992,2006,07,054,"Rough Production",08,"(1000 MT)",9.0000
0422110,"Rice, Milled",DM,"Benin",1992,2006,07,178,"Total Distribution",08,"(1000 MT)",56.0000
0422110,"Rice, Milled",DM,"Benin",1992,2006,07,086,"Total Supply",08,"(1000 MT)",56.0000
0422110,"Rice, Milled",DM,"Benin",1992,2006,07,113,"TY Exports",08,"(1000 MT)",0.0000
0422110,"Rice, Milled",DM,"Benin",1992,2006,07,084,"TY Imp. from U.S.",08,"(1000 MT)",0.0000
0422110,"Rice, Milled",DM,"Benin",1992,2006,07,081,"TY Imports",08,"(1000 MT)",50.0000
0422110,"Rice, Milled",DM,"Benin",1992,2006,07,184,"Yield",26,"(MT/HA)",1.0000
0422110,"Rice, Milled",DM,"Benin",1993,2006,07,004,"Area Harvested",04,"(1000 HA)",7.0000
0422110,"Rice, Milled",DM,"Benin",1993,2006,07,020,"Beginning Stocks",08,"(1000 MT)",0.0000
0422110,"Rice, Milled",DM,"Benin",1993,2006,07,125,"Domestic Consumption",08,"(1000 MT)",41.0000
0422110,"Rice, Milled",DM,"Benin",1993,2006,07,176,"Ending Stocks",08,"(1000 MT)",0.0000
0422110,"Rice, Milled",DM,"Benin",1993,2006,07,088,"Exports",08,"(1000 MT)",0.0000
0422110,"Rice, Milled",DM,"Benin",1993,2006,07,057,"Imports",08,"(1000 MT)",35.0000
0422110,"Rice, Milled",DM,"Benin",1993,2006,07,182,"Milling Rate (.9999)",08,"(1000 MT)",6400.0000
0422110,"Rice, Milled",DM,"Benin",1993,2006,07,028,"Production",08,"(1000 MT)",6.0000
0422110,"Rice, Milled",DM,"Benin",1993,2006,07,054,"Rough Production",08,"(1000 MT)",9.0000
0422110,"Rice, Milled",DM,"Benin",1993,2006,07,178,"Total Distribution",08,"(1000 MT)",41.0000
0422110,"Rice, Milled",DM,"Benin",1993,2006,07,086,"Total Supply",08,"(1000 MT)",41.0000
0422110,"Rice, Milled",DM,"Benin",1993,2006,07,113,"TY Exports",08,"(1000 MT)",0.0000
0422110,"Rice, Milled",DM,"Benin",1993,2006,07,084,"TY Imp. from U.S.",08,"(1000 MT)",0.0000
0422110,"Rice, Milled",DM,"Benin",1993,2006,07,081,"TY Imports",08,"(1000 MT)",35.0000
0422110,"Rice, Milled",DM,"Benin",1993,2006,07,184,"Yield",26,"(MT/HA)",1.0000
0422110,"Rice, Milled",DM,"Benin",1994,2006,07,004,"Area Harvested",04,"(1000 HA)",8.0000
0422110,"Rice, Milled",DM,"Benin",1994,2006,07,020,"Beginning Stocks",08,"(1000 MT)",0.0000
0422110,"Rice, Milled",DM,"Benin",1994,2006,07,125,"Domestic Consumption",08,"(1000 MT)",37.0000
0422110,"Rice, Milled",DM,"Benin",1994,2006,07,176,"Ending Stocks",08,"(1000 MT)",0.0000
0422110,"Rice, Milled",DM,"Benin",1994,2006,07,088,"Exports",08,"(1000 MT)",0.0000
0422110,"Rice, Milled",DM,"Benin",1994,2006,07,057,"Imports",08,"(1000 MT)",30.0000
0422110,"Rice, Milled",DM,"Benin",1994,2006,07,182,"Milling Rate (.9999)",08,"(1000 MT)",6400.0000
0422110,"Rice, Milled",DM,"Benin",1994,2006,07,028,"Production",08,"(1000 MT)",7.0000
0422110,"Rice, Milled",DM,"Benin",1994,2006,07,054,"Rough Production",08,"(1000 MT)",11.0000
0422110,"Rice, Milled",DM,"Benin",1994,2006,07,178,"Total Distribution",08,"(1000 MT)",37.0000
0422110,"Rice, Milled",DM,"Benin",1994,2006,07,086,"Total Supply",08,"(1000 MT)",37.0000
0422110,"Rice, Milled",DM,"Benin",1994,2006,07,113,"TY Exports",08,"(1000 MT)",0.0000
0422110,"Rice, Milled",DM,"Benin",1994,2006,07,084,"TY Imp. from U.S.",08,"(1000 MT)",8.0000
0422110,"Rice, Milled",DM,"Benin",1994,2006,07,081,"TY Imports",08,"(1000 MT)",30.0000
0422110,"Rice, Milled",DM,"Benin",1994,2006,07,184,"Yield",26,"(MT/HA)",1.0000
0422110,"Rice, Milled",DM,"Benin",1995,2006,07,004,"Area Harvested",04,"(1000 HA)",10.0000
0422110,"Rice, Milled",DM,"Benin",1995,2006,07,020,"Beginning Stocks",08,"(1000 MT)",0.0000
0422110,"Rice, Milled",DM,"Benin",1995,2006,07,125,"Domestic Consumption",08,"(1000 MT)",51.0000
0422110,"Rice, Milled",DM,"Benin",1995,2006,07,176,"Ending Stocks",08,"(1000 MT)",0.0000
0422110,"Rice, Milled",DM,"Benin",1995,2006,07,088,"Exports",08,"(1000 MT)",0.0000
0422110,"Rice, Milled",DM,"Benin",1995,2006,07,057,"Imports",08,"(1000 MT)",40.0000
0422110,"Rice, Milled",DM,"Benin",1995,2006,07,182,"Milling Rate (.9999)",08,"(1000 MT)",6400.0000
0422110,"Rice, Milled",DM,"Benin",1995,2006,07,028,"Production",08,"(1000 MT)",11.0000
0422110,"Rice, Milled",DM,"Benin",1995,2006,07,054,"Rough Production",08,"(1000 MT)",17.0000
0422110,"Rice, Milled",DM,"Benin",1995,2006,07,178,"Total Distribution",08,"(1000 MT)",51.0000
0422110,"Rice, Milled",DM,"Benin",1995,2006,07,086,"Total Supply",08,"(1000 MT)",51.0000
0422110,"Rice, Milled",DM,"Benin",1995,2006,07,113,"TY Exports",08,"(1000 MT)",0.0000
0422110,"Rice, Milled",DM,"Benin",1995,2006,07,084,"TY Imp. from U.S.",08,"(1000 MT)",0.0000
0422110,"Rice, Milled",DM,"Benin",1995,2006,07,081,"TY Imports",08,"(1000 MT)",40.0000
0422110,"Rice, Milled",DM,"Benin",1995,2006,07,184,"Yield",26,"(MT/HA)",2.0000
0422110,"Rice, Milled",DM,"Benin",1996,2006,07,004,"Area Harvested",04,"(1000 HA)",13.0000
0422110,"Rice, Milled",DM,"Benin",1996,2006,07,020,"Beginning Stocks",08,"(1000 MT)",0.0000
0422110,"Rice, Milled",DM,"Benin",1996,2006,07,125,"Domestic Consumption",08,"(1000 MT)",96.0000
0422110,"Rice, Milled",DM,"Benin",1996,2006,07,176,"Ending Stocks",08,"(1000 MT)",0.0000
0422110,"Rice, Milled",DM,"Benin",1996,2006,07,088,"Exports",08,"(1000 MT)",0.0000
0422110,"Rice, Milled",DM,"Benin",1996,2006,07,057,"Imports",08,"(1000 MT)",80.0000
0422110,"Rice, Milled",DM,"Benin",1996,2006,07,182,"Milling Rate (.9999)",08,"(1000 MT)",6400.0000
0422110,"Rice, Milled",DM,"Benin",1996,2006,07,028,"Production",08,"(1000 MT)",16.0000
0422110,"Rice, Milled",DM,"Benin",1996,2006,07,054,"Rough Production",08,"(1000 MT)",25.0000
0422110,"Rice, Milled",DM,"Benin",1996,2006,07,178,"Total Distribution",08,"(1000 MT)",96.0000
0422110,"Rice, Milled",DM,"Benin",1996,2006,07,086,"Total Supply",08,"(1000 MT)",96.0000
0422110,"Rice, Milled",DM,"Benin",1996,2006,07,113,"TY Exports",08,"(1000 MT)",0.0000
0422110,"Rice, Milled",DM,"Benin",1996,2006,07,084,"TY Imp. from U.S.",08,"(1000 MT)",0.0000
0422110,"Rice, Milled",DM,"Benin",1996,2006,07,081,"TY Imports",08,"(1000 MT)",80.0000
0422110,"Rice, Milled",DM,"Benin",1996,2006,07,184,"Yield",26,"(MT/HA)",2.0000
0422110,"Rice, Milled",DM,"Benin",1997,2006,07,004,"Area Harvested",04,"(1000 HA)",14.0000
0422110,"Rice, Milled",DM,"Benin",1997,2006,07,020,"Beginning Stocks",08,"(1000 MT)",0.0000
0422110,"Rice, Milled",DM,"Benin",1997,2006,07,125,"Domestic Consumption",08,"(1000 MT)",70.0000
0422110,"Rice, Milled",DM,"Benin",1997,2006,07,176,"Ending Stocks",08,"(1000 MT)",0.0000
0422110,"Rice, Milled",DM,"Benin",1997,2006,07,088,"Exports",08,"(1000 MT)",0.0000
0422110,"Rice, Milled",DM,"Benin",1997,2006,07,057,"Imports",08,"(1000 MT)",51.0000
0422110,"Rice, Milled",DM,"Benin",1997,2006,07,182,"Milling Rate (.9999)",08,"(1000 MT)",6400.0000
0422110,"Rice, Milled",DM,"Benin",1997,2006,07,028,"Production",08,"(1000 MT)",19.0000
0422110,"Rice, Milled",DM,"Benin",1997,2006,07,054,"Rough Production",08,"(1000 MT)",30.0000
0422110,"Rice, Milled",DM,"Benin",1997,2006,07,178,"Total Distribution",08,"(1000 MT)",70.0000
0422110,"Rice, Milled",DM,"Benin",1997,2006,07,086,"Total Supply",08,"(1000 MT)",70.0000
0422110,"Rice, Milled",DM,"Benin",1997,2006,07,113,"TY Exports",08,"(1000 MT)",0.0000
0422110,"Rice, Milled",DM,"Benin",1997,2006,07,084,"TY Imp. from U.S.",08,"(1000 MT)",1.0000
0422110,"Rice, Milled",DM,"Benin",1997,2006,07,081,"TY Imports",08,"(1000 MT)",51.0000
0422110,"Rice, Milled",DM,"Benin",1997,2006,07,184,"Yield",26,"(MT/HA)",2.0000
0422110,"Rice, Milled",DM,"Benin",1998,2006,07,004,"Area Harvested",04,"(1000 HA)",17.0000
0422110,"Rice, Milled",DM,"Benin",1998,2006,07,020,"Beginning Stocks",08,"(1000 MT)",0.0000
0422110,"Rice, Milled",DM,"Benin",1998,2006,07,125,"Domestic Consumption",08,"(1000 MT)",98.0000
0422110,"Rice, Milled",DM,"Benin",1998,2006,07,176,"Ending Stocks",08,"(1000 MT)",0.0000
0422110,"Rice, Milled",DM,"Benin",1998,2006,07,088,"Exports",08,"(1000 MT)",0.0000
0422110,"Rice, Milled",DM,"Benin",1998,2006,07,057,"Imports",08,"(1000 MT)",75.0000
0422110,"Rice, Milled",DM,"Benin",1998,2006,07,182,"Milling Rate (.9999)",08,"(1000 MT)",6400.0000
0422110,"Rice, Milled",DM,"Benin",1998,2006,07,028,"Production",08,"(1000 MT)",23.0000
0422110,"Rice, Milled",DM,"Benin",1998,2006,07,054,"Rough Production",08,"(1000 MT)",36.0000
0422110,"Rice, Milled",DM,"Benin",1998,2006,07,178,"Total Distribution",08,"(1000 MT)",98.0000
0422110,"Rice, Milled",DM,"Benin",1998,2006,07,086,"Total Supply",08,"(1000 MT)",98.0000
0422110,"Rice, Milled",DM,"Benin",1998,2006,07,113,"TY Exports",08,"(1000 MT)",0.0000
0422110,"Rice, Milled",DM,"Benin",1998,2006,07,084,"TY Imp. from U.S.",08,"(1000 MT)",0.0000
0422110,"Rice, Milled",DM,"Benin",1998,2006,07,081,"TY Imports",08,"(1000 MT)",75.0000
0422110,"Rice, Milled",DM,"Benin",1998,2006,07,184,"Yield",26,"(MT/HA)",2.0000
0422110,"Rice, Milled",DM,"Benin",1999,2006,07,004,"Area Harvested",04,"(1000 HA)",18.0000
0422110,"Rice, Milled",DM,"Benin",1999,2006,07,020,"Beginning Stocks",08,"(1000 MT)",0.0000
0422110,"Rice, Milled",DM,"Benin",1999,2006,07,125,"Domestic Consumption",08,"(1000 MT)",109.0000
0422110,"Rice, Milled",DM,"Benin",1999,2006,07,176,"Ending Stocks",08,"(1000 MT)",0.0000
0422110,"Rice, Milled",DM,"Benin",1999,2006,07,088,"Exports",08,"(1000 MT)",0.0000
0422110,"Rice, Milled",DM,"Benin",1999,2006,07,057,"Imports",08,"(1000 MT)",85.0000
0422110,"Rice, Milled",DM,"Benin",1999,2006,07,182,"Milling Rate (.9999)",08,"(1000 MT)",6400.0000
0422110,"Rice, Milled",DM,"Benin",1999,2006,07,028,"Production",08,"(1000 MT)",24.0000
0422110,"Rice, Milled",DM,"Benin",1999,2006,07,054,"Rough Production",08,"(1000 MT)",38.0000
0422110,"Rice, Milled",DM,"Benin",1999,2006,07,178,"Total Distribution",08,"(1000 MT)",109.0000
0422110,"Rice, Milled",DM,"Benin",1999,2006,07,086,"Total Supply",08,"(1000 MT)",109.0000
0422110,"Rice, Milled",DM,"Benin",1999,2006,07,113,"TY Exports",08,"(1000 MT)",0.0000
0422110,"Rice, Milled",DM,"Benin",1999,2006,07,084,"TY Imp. from U.S.",08,"(1000 MT)",0.0000
0422110,"Rice, Milled",DM,"Benin",1999,2006,07,081,"TY Imports",08,"(1000 MT)",85.0000
0422110,"Rice, Milled",DM,"Benin",1999,2006,07,184,"Yield",26,"(MT/HA)",2.0000
0422110,"Rice, Milled",DM,"Benin",2000,2006,07,004,"Area Harvested",04,"(1000 HA)",24.0000
0422110,"Rice, Milled",DM,"Benin",2000,2006,07,020,"Beginning Stocks",08,"(1000 MT)",0.0000
0422110,"Rice, Milled",DM,"Benin",2000,2006,07,125,"Domestic Consumption",08,"(1000 MT)",125.0000
0422110,"Rice, Milled",DM,"Benin",2000,2006,07,176,"Ending Stocks",08,"(1000 MT)",0.0000
0422110,"Rice, Milled",DM,"Benin",2000,2006,07,088,"Exports",08,"(1000 MT)",0.0000
0422110,"Rice, Milled",DM,"Benin",2000,2006,07,057,"Imports",08,"(1000 MT)",103.0000
0422110,"Rice, Milled",DM,"Benin",2000,2006,07,182,"Milling Rate (.9999)",08,"(1000 MT)",6400.0000
0422110,"Rice, Milled",DM,"Benin",2000,2006,07,028,"Production",08,"(1000 MT)",22.0000
0422110,"Rice, Milled",DM,"Benin",2000,2006,07,054,"Rough Production",08,"(1000 MT)",34.0000
0422110,"Rice, Milled",DM,"Benin",2000,2006,07,178,"Total Distribution",08,"(1000 MT)",125.0000
0422110,"Rice, Milled",DM,"Benin",2000,2006,07,086,"Total Supply",08,"(1000 MT)",125.0000
0422110,"Rice, Milled",DM,"Benin",2000,2006,07,113,"TY Exports",08,"(1000 MT)",0.0000
0422110,"Rice, Milled",DM,"Benin",2000,2006,07,084,"TY Imp. from U.S.",08,"(1000 MT)",4.0000
0422110,"Rice, Milled",DM,"Benin",2000,2006,07,081,"TY Imports",08,"(1000 MT)",103.0000
0422110,"Rice, Milled",DM,"Benin",2000,2006,07,184,"Yield",26,"(MT/HA)",1.0000
0422110,"Rice, Milled",DM,"Benin",2001,2007,06,004,"Area Harvested",04,"(1000 HA)",25.0000
0422110,"Rice, Milled",DM,"Benin",2001,2007,06,020,"Beginning Stocks",08,"(1000 MT)",0.0000
0422110,"Rice, Milled",DM,"Benin",2001,2007,06,125,"Domestic Consumption",08,"(1000 MT)",147.0000
0422110,"Rice, Milled",DM,"Benin",2001,2007,06,176,"Ending Stocks",08,"(1000 MT)",0.0000
0422110,"Rice, Milled",DM,"Benin",2001,2007,06,088,"Exports",08,"(1000 MT)",0.0000
0422110,"Rice, Milled",DM,"Benin",2001,2007,06,057,"Imports",08,"(1000 MT)",115.0000
0422110,"Rice, Milled",DM,"Benin",2001,2007,06,182,"Milling Rate (.9999)",08,"(1000 MT)",6400.0000
0422110,"Rice, Milled",DM,"Benin",2001,2007,06,028,"Production",08,"(1000 MT)",32.0000
0422110,"Rice, Milled",DM,"Benin",2001,2007,06,054,"Rough Production",08,"(1000 MT)",50.0000
0422110,"Rice, Milled",DM,"Benin",2001,2007,06,178,"Total Distribution",08,"(1000 MT)",147.0000
0422110,"Rice, Milled",DM,"Benin",2001,2007,06,086,"Total Supply",08,"(1000 MT)",147.0000
0422110,"Rice, Milled",DM,"Benin",2001,2007,06,113,"TY Exports",08,"(1000 MT)",0.0000
0422110,"Rice, Milled",DM,"Benin",2001,2007,06,084,"TY Imp. from U.S.",08,"(1000 MT)",5.0000
0422110,"Rice, Milled",DM,"Benin",2001,2007,06,081,"TY Imports",08,"(1000 MT)",115.0000
0422110,"Rice, Milled",DM,"Benin",2001,2007,06,184,"Yield",26,"(MT/HA)",2.0000
0422110,"Rice, Milled",DM,"Benin",2002,2007,06,004,"Area Harvested",04,"(1000 HA)",20.0000
0422110,"Rice, Milled",DM,"Benin",2002,2007,06,020,"Beginning Stocks",08,"(1000 MT)",0.0000
0422110,"Rice, Milled",DM,"Benin",2002,2007,06,125,"Domestic Consumption",08,"(1000 MT)",141.0000
0422110,"Rice, Milled",DM,"Benin",2002,2007,06,176,"Ending Stocks",08,"(1000 MT)",0.0000
0422110,"Rice, Milled",DM,"Benin",2002,2007,06,088,"Exports",08,"(1000 MT)",0.0000
0422110,"Rice, Milled",DM,"Benin",2002,2007,06,057,"Imports",08,"(1000 MT)",115.0000
0422110,"Rice, Milled",DM,"Benin",2002,2007,06,182,"Milling Rate (.9999)",08,"(1000 MT)",6400.0000
0422110,"Rice, Milled",DM,"Benin",2002,2007,06,028,"Production",08,"(1000 MT)",26.0000
0422110,"Rice, Milled",DM,"Benin",2002,2007,06,054,"Rough Production",08,"(1000 MT)",41.0000
0422110,"Rice, Milled",DM,"Benin",2002,2007,06,178,"Total Distribution",08,"(1000 MT)",141.0000
0422110,"Rice, Milled",DM,"Benin",2002,2007,06,086,"Total Supply",08,"(1000 MT)",141.0000
0422110,"Rice, Milled",DM,"Benin",2002,2007,06,113,"TY Exports",08,"(1000 MT)",0.0000
0422110,"Rice, Milled",DM,"Benin",2002,2007,06,084,"TY Imp. from U.S.",08,"(1000 MT)",7.0000
0422110,"Rice, Milled",DM,"Benin",2002,2007,06,081,"TY Imports",08,"(1000 MT)",115.0000
0422110,"Rice, Milled",DM,"Benin",2002,2007,06,184,"Yield",26,"(MT/HA)",2.0000
0422110,"Rice, Milled",DM,"Benin",2003,2006,07,004,"Area Harvested",04,"(1000 HA)",20.0000
0422110,"Rice, Milled",DM,"Benin",2003,2006,07,020,"Beginning Stocks",08,"(1000 MT)",0.0000
0422110,"Rice, Milled",DM,"Benin",2003,2006,07,125,"Domestic Consumption",08,"(1000 MT)",224.0000
0422110,"Rice, Milled",DM,"Benin",2003,2006,07,176,"Ending Stocks",08,"(1000 MT)",0.0000
0422110,"Rice, Milled",DM,"Benin",2003,2006,07,088,"Exports",08,"(1000 MT)",0.0000
0422110,"Rice, Milled",DM,"Benin",2003,2006,07,057,"Imports",08,"(1000 MT)",189.0000
0422110,"Rice, Milled",DM,"Benin",2003,2006,07,182,"Milling Rate (.9999)",08,"(1000 MT)",6400.0000
0422110,"Rice, Milled",DM,"Benin",2003,2006,07,028,"Production",08,"(1000 MT)",35.0000
0422110,"Rice, Milled",DM,"Benin",2003,2006,07,054,"Rough Production",08,"(1000 MT)",55.0000
0422110,"Rice, Milled",DM,"Benin",2003,2006,07,178,"Total Distribution",08,"(1000 MT)",224.0000
0422110,"Rice, Milled",DM,"Benin",2003,2006,07,086,"Total Supply",08,"(1000 MT)",224.0000
0422110,"Rice, Milled",DM,"Benin",2003,2006,07,113,"TY Exports",08,"(1000 MT)",0.0000
0422110,"Rice, Milled",DM,"Benin",2003,2006,07,084,"TY Imp. from U.S.",08,"(1000 MT)",7.0000
0422110,"Rice, Milled",DM,"Benin",2003,2006,07,081,"TY Imports",08,"(1000 MT)",189.0000
0422110,"Rice, Milled",DM,"Benin",2003,2006,07,184,"Yield",26,"(MT/HA)",3.0000
0422110,"Rice, Milled",DM,"Benin",2004,2007,06,004,"Area Harvested",04,"(1000 HA)",25.0000
0422110,"Rice, Milled",DM,"Benin",2004,2007,06,020,"Beginning Stocks",08,"(1000 MT)",0.0000
0422110,"Rice, Milled",DM,"Benin",2004,2007,06,125,"Domestic Consumption",08,"(1000 MT)",164.0000
0422110,"Rice, Milled",DM,"Benin",2004,2007,06,176,"Ending Stocks",08,"(1000 MT)",0.0000
0422110,"Rice, Milled",DM,"Benin",2004,2007,06,088,"Exports",08,"(1000 MT)",0.0000
0422110,"Rice, Milled",DM,"Benin",2004,2007,06,057,"Imports",08,"(1000 MT)",122.0000
0422110,"Rice, Milled",DM,"Benin",2004,2007,06,182,"Milling Rate (.9999)",08,"(1000 MT)",6400.0000
0422110,"Rice, Milled",DM,"Benin",2004,2007,06,028,"Production",08,"(1000 MT)",42.0000
0422110,"Rice, Milled",DM,"Benin",2004,2007,06,054,"Rough Production",08,"(1000 MT)",66.0000
0422110,"Rice, Milled",DM,"Benin",2004,2007,06,178,"Total Distribution",08,"(1000 MT)",164.0000
0422110,"Rice, Milled",DM,"Benin",2004,2007,06,086,"Total Supply",08,"(1000 MT)",164.0000
0422110,"Rice, Milled",DM,"Benin",2004,2007,06,113,"TY Exports",08,"(1000 MT)",0.0000
0422110,"Rice, Milled",DM,"Benin",2004,2007,06,084,"TY Imp. from U.S.",08,"(1000 MT)",4.0000
0422110,"Rice, Milled",DM,"Benin",2004,2007,06,081,"TY Imports",08,"(1000 MT)",122.0000
0422110,"Rice, Milled",DM,"Benin",2004,2007,06,184,"Yield",26,"(MT/HA)",3.0000
0422110,"Rice, Milled",DM,"Benin",2005,2009,05,004,"Area Harvested",04,"(1000 HA)",29.0000
0422110,"Rice, Milled",DM,"Benin",2005,2009,05,020,"Beginning Stocks",08,"(1000 MT)",0.0000
0422110,"Rice, Milled",DM,"Benin",2005,2009,05,125,"Domestic Consumption",08,"(1000 MT)",212.0000
0422110,"Rice, Milled",DM,"Benin",2005,2009,05,176,"Ending Stocks",08,"(1000 MT)",0.0000
0422110,"Rice, Milled",DM,"Benin",2005,2009,05,088,"Exports",08,"(1000 MT)",0.0000
0422110,"Rice, Milled",DM,"Benin",2005,2009,05,057,"Imports",08,"(1000 MT)",165.0000
0422110,"Rice, Milled",DM,"Benin",2005,2009,05,182,"Milling Rate (.9999)",08,"(1000 MT)",6400.0000
0422110,"Rice, Milled",DM,"Benin",2005,2009,05,028,"Production",08,"(1000 MT)",47.0000
0422110,"Rice, Milled",DM,"Benin",2005,2009,05,054,"Rough Production",08,"(1000 MT)",73.0000
0422110,"Rice, Milled",DM,"Benin",2005,2009,05,178,"Total Distribution",08,"(1000 MT)",212.0000
0422110,"Rice, Milled",DM,"Benin",2005,2009,05,086,"Total Supply",08,"(1000 MT)",212.0000
0422110,"Rice, Milled",DM,"Benin",2005,2009,05,113,"TY Exports",08,"(1000 MT)",0.0000
0422110,"Rice, Milled",DM,"Benin",2005,2009,05,084,"TY Imp. from U.S.",08,"(1000 MT)",0.0000
0422110,"Rice, Milled",DM,"Benin",2005,2009,05,081,"TY Imports",08,"(1000 MT)",175.0000
0422110,"Rice, Milled",DM,"Benin",2005,2009,05,184,"Yield",26,"(MT/HA)",3.0000
0422110,"Rice, Milled",DM,"Benin",2006,2009,05,004,"Area Harvested",04,"(1000 HA)",27.0000
0422110,"Rice, Milled",DM,"Benin",2006,2009,05,020,"Beginning Stocks",08,"(1000 MT)",0.0000
0422110,"Rice, Milled",DM,"Benin",2006,2009,05,125,"Domestic Consumption",08,"(1000 MT)",204.0000
0422110,"Rice, Milled",DM,"Benin",2006,2009,05,176,"Ending Stocks",08,"(1000 MT)",0.0000
0422110,"Rice, Milled",DM,"Benin",2006,2009,05,088,"Exports",08,"(1000 MT)",0.0000
0422110,"Rice, Milled",DM,"Benin",2006,2009,05,057,"Imports",08,"(1000 MT)",155.0000
0422110,"Rice, Milled",DM,"Benin",2006,2009,05,182,"Milling Rate (.9999)",08,"(1000 MT)",6400.0000
0422110,"Rice, Milled",DM,"Benin",2006,2009,05,028,"Production",08,"(1000 MT)",49.0000
0422110,"Rice, Milled",DM,"Benin",2006,2009,05,054,"Rough Production",08,"(1000 MT)",77.0000
0422110,"Rice, Milled",DM,"Benin",2006,2009,05,178,"Total Distribution",08,"(1000 MT)",204.0000
0422110,"Rice, Milled",DM,"Benin",2006,2009,05,086,"Total Supply",08,"(1000 MT)",204.0000
0422110,"Rice, Milled",DM,"Benin",2006,2009,05,113,"TY Exports",08,"(1000 MT)",0.0000
0422110,"Rice, Milled",DM,"Benin",2006,2009,05,084,"TY Imp. from U.S.",08,"(1000 MT)",0.0000
0422110,"Rice, Milled",DM,"Benin",2006,2009,05,081,"TY Imports",08,"(1000 MT)",150.0000
0422110,"Rice, Milled",DM,"Benin",2006,2009,05,184,"Yield",26,"(MT/HA)",3.0000
0422110,"Rice, Milled",DM,"Benin",2007,2009,05,004,"Area Harvested",04,"(1000 HA)",27.0000
0422110,"Rice, Milled",DM,"Benin",2007,2009,05,020,"Beginning Stocks",08,"(1000 MT)",0.0000
0422110,"Rice, Milled",DM,"Benin",2007,2009,05,125,"Domestic Consumption",08,"(1000 MT)",197.0000
0422110,"Rice, Milled",DM,"Benin",2007,2009,05,176,"Ending Stocks",08,"(1000 MT)",0.0000
0422110,"Rice, Milled",DM,"Benin",2007,2009,05,088,"Exports",08,"(1000 MT)",0.0000
0422110,"Rice, Milled",DM,"Benin",2007,2009,05,057,"Imports",08,"(1000 MT)",150.0000
0422110,"Rice, Milled",DM,"Benin",2007,2009,05,182,"Milling Rate (.9999)",08,"(1000 MT)",6400.0000
0422110,"Rice, Milled",DM,"Benin",2007,2009,05,028,"Production",08,"(1000 MT)",47.0000
0422110,"Rice, Milled",DM,"Benin",2007,2009,05,054,"Rough Production",08,"(1000 MT)",73.0000
0422110,"Rice, Milled",DM,"Benin",2007,2009,05,178,"Total Distribution",08,"(1000 MT)",197.0000
0422110,"Rice, Milled",DM,"Benin",2007,2009,05,086,"Total Supply",08,"(1000 MT)",197.0000
0422110,"Rice, Milled",DM,"Benin",2007,2009,05,113,"TY Exports",08,"(1000 MT)",0.0000
0422110,"Rice, Milled",DM,"Benin",2007,2009,05,084,"TY Imp. from U.S.",08,"(1000 MT)",3.0000
0422110,"Rice, Milled",DM,"Benin",2007,2009,05,081,"TY Imports",08,"(1000 MT)",150.0000
0422110,"Rice, Milled",DM,"Benin",2007,2009,05,184,"Yield",26,"(MT/HA)",3.0000
0422110,"Rice, Milled",DM,"Benin",2008,2013,11,004,"Area Harvested",04,"(1000 HA)",33.0000
0422110,"Rice, Milled",DM,"Benin",2008,2013,11,020,"Beginning Stocks",08,"(1000 MT)",0.0000
0422110,"Rice, Milled",DM,"Benin",2008,2013,11,125,"Domestic Consumption",08,"(1000 MT)",215.0000
0422110,"Rice, Milled",DM,"Benin",2008,2013,11,176,"Ending Stocks",08,"(1000 MT)",0.0000
0422110,"Rice, Milled",DM,"Benin",2008,2013,11,088,"Exports",08,"(1000 MT)",0.0000
0422110,"Rice, Milled",DM,"Benin",2008,2013,11,057,"Imports",08,"(1000 MT)",145.0000
0422110,"Rice, Milled",DM,"Benin",2008,2013,11,182,"Milling Rate (.9999)",08,"(1000 MT)",6400.0000
0422110,"Rice, Milled",DM,"Benin",2008,2013,11,028,"Production",08,"(1000 MT)",70.0000
0422110,"Rice, Milled",DM,"Benin",2008,2013,11,054,"Rough Production",08,"(1000 MT)",109.0000
0422110,"Rice, Milled",DM,"Benin",2008,2013,11,178,"Total Distribution",08,"(1000 MT)",215.0000
0422110,"Rice, Milled",DM,"Benin",2008,2013,11,086,"Total Supply",08,"(1000 MT)",215.0000
0422110,"Rice, Milled",DM,"Benin",2008,2013,11,113,"TY Exports",08,"(1000 MT)",0.0000
0422110,"Rice, Milled",DM,"Benin",2008,2013,11,084,"TY Imp. from U.S.",08,"(1000 MT)",24.0000
0422110,"Rice, Milled",DM,"Benin",2008,2013,11,081,"TY Imports",08,"(1000 MT)",150.0000
0422110,"Rice, Milled",DM,"Benin",2008,2013,11,184,"Yield",26,"(MT/HA)",3.0000
0422110,"Rice, Milled",DM,"Benin",2009,2016,10,004,"Area Harvested",04,"(1000 HA)",41.0000
0422110,"Rice, Milled",DM,"Benin",2009,2016,10,020,"Beginning Stocks",08,"(1000 MT)",0.0000
0422110,"Rice, Milled",DM,"Benin",2009,2016,10,125,"Domestic Consumption",08,"(1000 MT)",232.0000
0422110,"Rice, Milled",DM,"Benin",2009,2016,10,176,"Ending Stocks",08,"(1000 MT)",0.0000
0422110,"Rice, Milled",DM,"Benin",2009,2016,10,088,"Exports",08,"(1000 MT)",0.0000
0422110,"Rice, Milled",DM,"Benin",2009,2016,10,057,"Imports",08,"(1000 MT)",160.0000
0422110,"Rice, Milled",DM,"Benin",2009,2016,10,182,"Milling Rate (.9999)",08,"(1000 MT)",6400.0000
0422110,"Rice, Milled",DM,"Benin",2009,2016,10,028,"Production",08,"(1000 MT)",72.0000
0422110,"Rice, Milled",DM,"Benin",2009,2016,10,054,"Rough Production",08,"(1000 MT)",113.0000
0422110,"Rice, Milled",DM,"Benin",2009,2016,10,178,"Total Distribution",08,"(1000 MT)",232.0000
0422110,"Rice, Milled",DM,"Benin",2009,2016,10,086,"Total Supply",08,"(1000 MT)",232.0000
0422110,"Rice, Milled",DM,"Benin",2009,2016,10,113,"TY Exports",08,"(1000 MT)",0.0000
0422110,"Rice, Milled",DM,"Benin",2009,2016,10,084,"TY Imp. from U.S.",08,"(1000 MT)",0.0000
0422110,"Rice, Milled",DM,"Benin",2009,2016,10,081,"TY Imports",08,"(1000 MT)",125.0000
0422110,"Rice, Milled",DM,"Benin",2009,2016,10,184,"Yield",26,"(MT/HA)",3.0000
0422110,"Rice, Milled",DM,"Benin",2010,2016,10,004,"Area Harvested",04,"(1000 HA)",47.0000
0422110,"Rice, Milled",DM,"Benin",2010,2016,10,020,"Beginning Stocks",08,"(1000 MT)",0.0000
0422110,"Rice, Milled",DM,"Benin",2010,2016,10,125,"Domestic Consumption",08,"(1000 MT)",265.0000
0422110,"Rice, Milled",DM,"Benin",2010,2016,10,176,"Ending Stocks",08,"(1000 MT)",0.0000
0422110,"Rice, Milled",DM,"Benin",2010,2016,10,088,"Exports",08,"(1000 MT)",0.0000
0422110,"Rice, Milled",DM,"Benin",2010,2016,10,057,"Imports",08,"(1000 MT)",185.0000
0422110,"Rice, Milled",DM,"Benin",2010,2016,10,182,"Milling Rate (.9999)",08,"(1000 MT)",6400.0000
0422110,"Rice, Milled",DM,"Benin",2010,2016,10,028,"Production",08,"(1000 MT)",80.0000
0422110,"Rice, Milled",DM,"Benin",2010,2016,10,054,"Rough Production",08,"(1000 MT)",125.0000
0422110,"Rice, Milled",DM,"Benin",2010,2016,10,178,"Total Distribution",08,"(1000 MT)",265.0000
0422110,"Rice, Milled",DM,"Benin",2010,2016,10,086,"Total Supply",08,"(1000 MT)",265.0000
0422110,"Rice, Milled",DM,"Benin",2010,2016,10,113,"TY Exports",08,"(1000 MT)",0.0000
0422110,"Rice, Milled",DM,"Benin",2010,2016,10,084,"TY Imp. from U.S.",08,"(1000 MT)",0.0000
0422110,"Rice, Milled",DM,"Benin",2010,2016,10,081,"TY Imports",08,"(1000 MT)",165.0000
0422110,"Rice, Milled",DM,"Benin",2010,2016,10,184,"Yield",26,"(MT/HA)",3.0000
0422110,"Rice, Milled",DM,"Benin",2011,2016,10,004,"Area Harvested",04,"(1000 HA)",56.0000
0422110,"Rice, Milled",DM,"Benin",2011,2016,10,020,"Beginning Stocks",08,"(1000 MT)",0.0000
0422110,"Rice, Milled",DM,"Benin",2011,2016,10,125,"Domestic Consumption",08,"(1000 MT)",391.0000
0422110,"Rice, Milled",DM,"Benin",2011,2016,10,176,"Ending Stocks",08,"(1000 MT)",0.0000
0422110,"Rice, Milled",DM,"Benin",2011,2016,10,088,"Exports",08,"(1000 MT)",0.0000
0422110,"Rice, Milled",DM,"Benin",2011,2016,10,057,"Imports",08,"(1000 MT)",250.0000
0422110,"Rice, Milled",DM,"Benin",2011,2016,10,182,"Milling Rate (.9999)",08,"(1000 MT)",6400.0000
0422110,"Rice, Milled",DM,"Benin",2011,2016,10,028,"Production",08,"(1000 MT)",141.0000
0422110,"Rice, Milled",DM,"Benin",2011,2016,10,054,"Rough Production",08,"(1000 MT)",220.0000
0422110,"Rice, Milled",DM,"Benin",2011,2016,10,178,"Total Distribution",08,"(1000 MT)",391.0000
0422110,"Rice, Milled",DM,"Benin",2011,2016,10,086,"Total Supply",08,"(1000 MT)",391.0000
0422110,"Rice, Milled",DM,"Benin",2011,2016,10,113,"TY Exports",08,"(1000 MT)",0.0000
0422110,"Rice, Milled",DM,"Benin",2011,2016,10,084,"TY Imp. from U.S.",08,"(1000 MT)",7.0000
0422110,"Rice, Milled",DM,"Benin",2011,2016,10,081,"TY Imports",08,"(1000 MT)",250.0000
0422110,"Rice, Milled",DM,"Benin",2011,2016,10,184,"Yield",26,"(MT/HA)",4.0000
0422110,"Rice, Milled",DM,"Benin",2012,2016,10,004,"Area Harvested",04,"(1000 HA)",66.0000
0422110,"Rice, Milled",DM,"Benin",2012,2016,10,020,"Beginning Stocks",08,"(1000 MT)",0.0000
0422110,"Rice, Milled",DM,"Benin",2012,2016,10,125,"Domestic Consumption",08,"(1000 MT)",490.0000
0422110,"Rice, Milled",DM,"Benin",2012,2016,10,176,"Ending Stocks",08,"(1000 MT)",0.0000
0422110,"Rice, Milled",DM,"Benin",2012,2016,10,088,"Exports",08,"(1000 MT)",0.0000
0422110,"Rice, Milled",DM,"Benin",2012,2016,10,057,"Imports",08,"(1000 MT)",350.0000
0422110,"Rice, Milled",DM,"Benin",2012,2016,10,182,"Milling Rate (.9999)",08,"(1000 MT)",6400.0000
0422110,"Rice, Milled",DM,"Benin",2012,2016,10,028,"Production",08,"(1000 MT)",140.0000
0422110,"Rice, Milled",DM,"Benin",2012,2016,10,054,"Rough Production",08,"(1000 MT)",219.0000
0422110,"Rice, Milled",DM,"Benin",2012,2016,10,178,"Total Distribution",08,"(1000 MT)",490.0000
0422110,"Rice, Milled",DM,"Benin",2012,2016,10,086,"Total Supply",08,"(1000 MT)",490.0000
0422110,"Rice, Milled",DM,"Benin",2012,2016,10,113,"TY Exports",08,"(1000 MT)",0.0000
0422110,"Rice, Milled",DM,"Benin",2012,2016,10,084,"TY Imp. from U.S.",08,"(1000 MT)",7.0000
0422110,"Rice, Milled",DM,"Benin",2012,2016,10,081,"TY Imports",08,"(1000 MT)",350.0000
0422110,"Rice, Milled",DM,"Benin",2012,2016,10,184,"Yield",26,"(MT/HA)",3.0000
0422110,"Rice, Milled",DM,"Benin",2013,2016,10,004,"Area Harvested",04,"(1000 HA)",68.0000
0422110,"Rice, Milled",DM,"Benin",2013,2016,10,020,"Beginning Stocks",08,"(1000 MT)",0.0000
0422110,"Rice, Milled",DM,"Benin",2013,2016,10,125,"Domestic Consumption",08,"(1000 MT)",482.0000
0422110,"Rice, Milled",DM,"Benin",2013,2016,10,176,"Ending Stocks",08,"(1000 MT)",0.0000
0422110,"Rice, Milled",DM,"Benin",2013,2016,10,088,"Exports",08,"(1000 MT)",0.0000
0422110,"Rice, Milled",DM,"Benin",2013,2016,10,057,"Imports",08,"(1000 MT)",350.0000
0422110,"Rice, Milled",DM,"Benin",2013,2016,10,182,"Milling Rate (.9999)",08,"(1000 MT)",6400.0000
0422110,"Rice, Milled",DM,"Benin",2013,2016,10,028,"Production",08,"(1000 MT)",132.0000
0422110,"Rice, Milled",DM,"Benin",2013,2016,10,054,"Rough Production",08,"(1000 MT)",206.0000
0422110,"Rice, Milled",DM,"Benin",2013,2016,10,178,"Total Distribution",08,"(1000 MT)",482.0000
0422110,"Rice, Milled",DM,"Benin",2013,2016,10,086,"Total Supply",08,"(1000 MT)",482.0000
0422110,"Rice, Milled",DM,"Benin",2013,2016,10,113,"TY Exports",08,"(1000 MT)",0.0000
0422110,"Rice, Milled",DM,"Benin",2013,2016,10,084,"TY Imp. from U.S.",08,"(1000 MT)",12.0000
0422110,"Rice, Milled",DM,"Benin",2013,2016,10,081,"TY Imports",08,"(1000 MT)",350.0000
0422110,"Rice, Milled",DM,"Benin",2013,2016,10,184,"Yield",26,"(MT/HA)",3.0000
0422110,"Rice, Milled",DM,"Benin",2014,2017,03,004,"Area Harvested",04,"(1000 HA)",75.0000
0422110,"Rice, Milled",DM,"Benin",2014,2017,03,020,"Beginning Stocks",08,"(1000 MT)",0.0000
0422110,"Rice, Milled",DM,"Benin",2014,2017,03,125,"Domestic Consumption",08,"(1000 MT)",500.0000
0422110,"Rice, Milled",DM,"Benin",2014,2017,03,176,"Ending Stocks",08,"(1000 MT)",0.0000
0422110,"Rice, Milled",DM,"Benin",2014,2017,03,088,"Exports",08,"(1000 MT)",0.0000
0422110,"Rice, Milled",DM,"Benin",2014,2017,03,057,"Imports",08,"(1000 MT)",350.0000
0422110,"Rice, Milled",DM,"Benin",2014,2017,03,182,"Milling Rate (.9999)",08,"(1000 MT)",6400.0000
0422110,"Rice, Milled",DM,"Benin",2014,2017,03,028,"Production",08,"(1000 MT)",150.0000
0422110,"Rice, Milled",DM,"Benin",2014,2017,03,054,"Rough Production",08,"(1000 MT)",234.0000
0422110,"Rice, Milled",DM,"Benin",2014,2017,03,178,"Total Distribution",08,"(1000 MT)",500.0000
0422110,"Rice, Milled",DM,"Benin",2014,2017,03,086,"Total Supply",08,"(1000 MT)",500.0000
0422110,"Rice, Milled",DM,"Benin",2014,2017,03,113,"TY Exports",08,"(1000 MT)",0.0000
0422110,"Rice, Milled",DM,"Benin",2014,2017,03,084,"TY Imp. from U.S.",08,"(1000 MT)",8.0000
0422110,"Rice, Milled",DM,"Benin",2014,2017,03,081,"TY Imports",08,"(1000 MT)",400.0000
0422110,"Rice, Milled",DM,"Benin",2014,2017,03,184,"Yield",26,"(MT/HA)",3.0000
0422110,"Rice, Milled",DM,"Benin",2015,2018,03,004,"Area Harvested",04,"(1000 HA)",68.0000
0422110,"Rice, Milled",DM,"Benin",2015,2018,03,020,"Beginning Stocks",08,"(1000 MT)",0.0000
0422110,"Rice, Milled",DM,"Benin",2015,2018,03,125,"Domestic Consumption",08,"(1000 MT)",556.0000
0422110,"Rice, Milled",DM,"Benin",2015,2018,03,176,"Ending Stocks",08,"(1000 MT)",0.0000
0422110,"Rice, Milled",DM,"Benin",2015,2018,03,088,"Exports",08,"(1000 MT)",0.0000
0422110,"Rice, Milled",DM,"Benin",2015,2018,03,057,"Imports",08,"(1000 MT)",425.0000
0422110,"Rice, Milled",DM,"Benin",2015,2018,03,182,"Milling Rate (.9999)",08,"(1000 MT)",6400.0000
0422110,"Rice, Milled",DM,"Benin",2015,2018,03,028,"Production",08,"(1000 MT)",131.0000
0422110,"Rice, Milled",DM,"Benin",2015,2018,03,054,"Rough Production",08,"(1000 MT)",205.0000
0422110,"Rice, Milled",DM,"Benin",2015,2018,03,178,"Total Distribution",08,"(1000 MT)",556.0000
0422110,"Rice, Milled",DM,"Benin",2015,2018,03,086,"Total Supply",08,"(1000 MT)",556.0000
0422110,"Rice, Milled",DM,"Benin",2015,2018,03,113,"TY Exports",08,"(1000 MT)",0.0000
0422110,"Rice, Milled",DM,"Benin",2015,2018,03,084,"TY Imp. from U.S.",08,"(1000 MT)",13.0000
0422110,"Rice, Milled",DM,"Benin",2015,2018,03,081,"TY Imports",08,"(1000 MT)",450.0000
0422110,"Rice, Milled",DM,"Benin",2015,2018,03,184,"Yield",26,"(MT/HA)",3.0000
0422110,"Rice, Milled",DM,"Benin",2016,2018,03,004,"Area Harvested",04,"(1000 HA)",75.0000
0422110,"Rice, Milled",DM,"Benin",2016,2018,03,020,"Beginning Stocks",08,"(1000 MT)",0.0000
0422110,"Rice, Milled",DM,"Benin",2016,2018,03,125,"Domestic Consumption",08,"(1000 MT)",606.0000
0422110,"Rice, Milled",DM,"Benin",2016,2018,03,176,"Ending Stocks",08,"(1000 MT)",0.0000
0422110,"Rice, Milled",DM,"Benin",2016,2018,03,088,"Exports",08,"(1000 MT)",0.0000
0422110,"Rice, Milled",DM,"Benin",2016,2018,03,057,"Imports",08,"(1000 MT)",450.0000
0422110,"Rice, Milled",DM,"Benin",2016,2018,03,182,"Milling Rate (.9999)",08,"(1000 MT)",6400.0000
0422110,"Rice, Milled",DM,"Benin",2016,2018,03,028,"Production",08,"(1000 MT)",156.0000
0422110,"Rice, Milled",DM,"Benin",2016,2018,03,054,"Rough Production",08,"(1000 MT)",244.0000
0422110,"Rice, Milled",DM,"Benin",2016,2018,03,178,"Total Distribution",08,"(1000 MT)",606.0000
0422110,"Rice, Milled",DM,"Benin",2016,2018,03,086,"Total Supply",08,"(1000 MT)",606.0000
0422110,"Rice, Milled",DM,"Benin",2016,2018,03,113,"TY Exports",08,"(1000 MT)",0.0000
0422110,"Rice, Milled",DM,"Benin",2016,2018,03,084,"TY Imp. from U.S.",08,"(1000 MT)",28.0000
0422110,"Rice, Milled",DM,"Benin",2016,2018,03,081,"TY Imports",08,"(1000 MT)",525.0000
0422110,"Rice, Milled",DM,"Benin",2016,2018,03,184,"Yield",26,"(MT/HA)",3.0000
0422110,"Rice, Milled",DM,"Benin",2017,2018,04,004,"Area Harvested",04,"(1000 HA)",75.0000
0422110,"Rice, Milled",DM,"Benin",2017,2018,04,020,"Beginning Stocks",08,"(1000 MT)",0.0000
0422110,"Rice, Milled",DM,"Benin",2017,2018,04,125,"Domestic Consumption",08,"(1000 MT)",701.0000
0422110,"Rice, Milled",DM,"Benin",2017,2018,04,176,"Ending Stocks",08,"(1000 MT)",0.0000
0422110,"Rice, Milled",DM,"Benin",2017,2018,04,088,"Exports",08,"(1000 MT)",0.0000
0422110,"Rice, Milled",DM,"Benin",2017,2018,04,057,"Imports",08,"(1000 MT)",550.0000
0422110,"Rice, Milled",DM,"Benin",2017,2018,04,182,"Milling Rate (.9999)",08,"(1000 MT)",6400.0000
0422110,"Rice, Milled",DM,"Benin",2017,2018,04,028,"Production",08,"(1000 MT)",151.0000
0422110,"Rice, Milled",DM,"Benin",2017,2018,04,054,"Rough Production",08,"(1000 MT)",236.0000
0422110,"Rice, Milled",DM,"Benin",2017,2018,04,178,"Total Distribution",08,"(1000 MT)",701.0000
0422110,"Rice, Milled",DM,"Benin",2017,2018,04,086,"Total Supply",08,"(1000 MT)",701.0000
0422110,"Rice, Milled",DM,"Benin",2017,2018,04,113,"TY Exports",08,"(1000 MT)",0.0000
0422110,"Rice, Milled",DM,"Benin",2017,2018,04,084,"TY Imp. from U.S.",08,"(1000 MT)",0.0000
0422110,"Rice, Milled",DM,"Benin",2017,2018,04,081,"TY Imports",08,"(1000 MT)",550.0000
0422110,"Rice, Milled",DM,"Benin",2017,2018,04,184,"Yield",26,"(MT/HA)",3.0000
